Area,Item,Year,average_rain_fall_mm_per_year,pesticides_tonnes,avg_temp,hg/ha_yield
China,Soybeans,2014,2276.4,299.53,13.9,35852.9
Brazil,Soybeans,2001,2249.4,469.31,10.0,39655.4
China,Soybeans,2000,1121.5,262.62,20.8,34449.8
United States of America,Potatoes,2015,928.5,45.76,25.5,167687.8
China,Potatoes,2002,2621.8,340.31,21.3,168735.5
United States of America,Soybeans,2001,2147.4,220.36,13.1,35363.2
Australia,Maize,2013,1355.9,91.53,28.9,29439.7
China,Soybeans,2017,2392.9,469.78,32.4,38768.1
China,Wheat,2007,2580.2,373.79,23.5,46172.4
China,Potatoes,2012,680.5,401.2,11.9,178381.5
India,Wheat,2011,1092.4,7.53,15.0,32961.2
Brazil,Soybeans,2009,1267.9,58.38,31.6,29426.8
China,"Rice, paddy",2000,471.6,155.84,18.1,29681.7
Brazil,Maize,2000,1333.9,485.87,31.2,42741.1
Australia,"Rice, paddy",2013,1633.2,261.61,20.7,34480.9
China,Soybeans,2003,2750.4,125.02,20.3,34228.6
Brazil,Soybeans,2003,2845.7,299.63,27.4,39265.8
India,Soybeans,2005,1532.6,109.61,20.4,32683.3
Brazil,"Rice, paddy",2006,2748.4,136.43,26.2,33683.2
Brazil,Wheat,2004,2169.6,135.07,16.1,35624.3
Brazil,Wheat,2019,1281.8,485.91,34.1,40489.1
India,Soybeans,2016,2993.9,133.76,34.4,30709.9
China,Soybeans,2000,2012.7,340.51,23.3,41603.4
China,Maize,2016,2266.2,184.21,25.8,33633.4
Brazil,Wheat,2008,1166.1,93.67,11.0,35567.6
Brazil,"Rice, paddy",2002,2485.7,174.66,12.4,34797.5
India,Wheat,2007,1344.2,468.4,13.4,38340.8
United States of America,Maize,2006,2082.0,408.7,23.9,41670.6
China,Wheat,2001,2989.9,482.73,24.0,48271.6
India,Maize,2018,2260.1,448.61,32.2,41861.1
India,Potatoes,2010,2826.2,392.78,26.7,173087.2
India,Maize,2017,734.2,274.59,27.3,37388.1
Australia,Wheat,2003,2222.9,119.01,18.1,39126.8
Brazil,Wheat,2000,1764.9,254.65,25.9,42861.8
Australia,Maize,2007,2004.1,397.51,22.6,40977.7
Australia,Potatoes,2015,1058.1,12.65,26.1,230783.9
India,Potatoes,2013,2770.1,185.39,10.4,174291.3
Australia,Maize,2000,503.4,153.2,14.8,31656.6
India,Maize,2017,1803.4,468.11,27.4,39840.6
United States of America,Maize,2009,2668.9,370.51,27.4,42809.2
Brazil,Soybeans,2009,2485.3,405.15,31.7,38681.8
India,Potatoes,2012,824.5,35.93,19.9,198655.2
China,Maize,2014,1314.1,47.44,24.5,32662.3
Australia,"Rice, paddy",2016,400.8,411.39,19.0,32110.9
China,Soybeans,2000,2535.2,136.14,34.1,35224.2
China,Maize,2007,2260.4,487.94,22.9,43893.2
Brazil,Wheat,2018,1485.2,39.69,10.6,29377.0
United States of America,"Rice, paddy",2000,1494.4,120.27,12.3,32286.2
India,Soybeans,2020,2023.3,258.59,26.4,38952.6
Brazil,Potatoes,2015,728.3,60.52,18.5,175908.8
China,Soybeans,2014,410.0,427.8,27.6,32032.1
Australia,Potatoes,2000,1554.6,325.06,11.2,175940.2
Australia,Potatoes,2001,1004.4,8.14,33.3,223948.9
Australia,Potatoes,2015,490.5,321.39,10.7,173908.6
Brazil,Potatoes,2011,1348.1,321.82,21.5,206170.8
Brazil,Wheat,2000,2059.0,103.74,16.8,36262.1
China,"Rice, paddy",2018,1969.3,168.61,26.4,36789.9
United States of America,Maize,2008,1639.3,346.6,18.7,36168.0
Brazil,Soybeans,2003,1428.5,483.81,23.7,42243.3
Brazil,Wheat,2002,1414.1,186.32,29.4,31850.0
Australia,Potatoes,2016,2135.6,370.08,16.0,198227.8
China,Wheat,2012,2717.9,194.91,10.3,32531.9
India,Maize,2011,1258.2,478.42,26.9,37524.2
Australia,Soybeans,2002,1926.6,277.07,15.3,27418.0
Australia,Wheat,2006,546.3,247.46,11.4,27792.1
Australia,Maize,2010,616.1,71.92,29.0,33852.5
China,Wheat,2005,527.1,350.63,11.8,36275.8
Australia,Soybeans,2004,929.7,290.86,31.6,33451.4
China,Wheat,2006,2962.2,376.81,19.4,40153.8
United States of America,Maize,2006,1473.0,127.21,20.1,37388.1
United States of America,Potatoes,2007,617.3,324.78,28.7,196906.3
China,Wheat,2000,903.7,481.63,10.3,38447.0
Australia,Soybeans,2014,2706.1,264.09,34.8,35895.5
China,Wheat,2017,748.8,108.8,17.4,30587.2
India,Soybeans,2002,2733.1,23.2,17.0,36292.9
United States of America,Potatoes,2003,1552.0,177.0,24.6,184769.9
China,Soybeans,2008,1001.9,226.89,10.8,27952.9
Australia,Potatoes,2015,739.1,455.51,30.6,164458.2
United States of America,Maize,2004,1956.2,209.41,33.3,35287.9
India,"Rice, paddy",2014,706.1,297.27,19.5,31374.3
Brazil,Maize,2016,2563.5,234.61,20.4,39131.4
China,Wheat,2004,2999.2,498.32,23.9,48800.8
Australia,Soybeans,2004,2344.1,189.24,16.0,32504.0
Australia,Soybeans,2003,917.3,336.01,25.5,32538.9
China,"Rice, paddy",2001,1585.8,415.77,17.7,35371.3
Australia,Soybeans,2013,2201.0,106.88,13.4,36169.1
China,"Rice, paddy",2005,1941.8,318.5,23.9,37672.8
India,Wheat,2014,1370.7,311.23,31.6,36967.6
Australia,Soybeans,2003,1540.2,421.12,29.2,33696.7
Brazil,Maize,2015,1222.2,268.86,21.5,39045.1
Brazil,Potatoes,2007,2180.6,206.12,31.9,192764.4
Australia,"Rice, paddy",2018,410.3,84.88,17.0,26208.6
Australia,Soybeans,2005,625.7,230.66,15.2,29405.2
Australia,Maize,2008,549.2,240.83,27.2,28454.7
Brazil,Soybeans,2016,1047.6,403.2,28.7,33970.8
United States of America,Potatoes,2013,1548.8,373.86,10.9,168481.2
Brazil,Maize,2014,2580.0,374.93,10.8,38740.2
Brazil,Wheat,2004,792.2,282.2,31.0,38085.1
United States of America,Potatoes,2016,1225.9,237.25,18.9,184201.5
China,"Rice, paddy",2014,2312.7,216.11,13.2,37906.0
India,Soybeans,2005,2729.0,303.97,16.1,33133.1
India,Wheat,2020,574.8,76.85,16.1,30839.9
China,Maize,2008,516.6,262.49,20.3,34637.8
China,Wheat,2005,2105.3,464.72,23.9,45376.5
United States of America,Maize,2012,2377.6,93.93,18.1,35986.1
India,Potatoes,2014,2209.5,384.01,12.2,140226.2
Brazil,Potatoes,2012,1738.0,26.39,18.4,175951.9
Australia,Wheat,2016,615.1,236.85,25.2,38046.9
Brazil,Wheat,2004,2542.7,482.53,13.1,44416.1
China,Maize,2002,2801.4,360.94,11.2,40239.2
Australia,Maize,2008,2326.4,399.87,30.6,39843.4
United States of America,Potatoes,2012,1888.4,341.65,21.3,187020.9
Brazil,Soybeans,2005,1757.4,219.65,24.4,32144.2
United States of America,Soybeans,2007,918.4,271.65,20.8,29161.4
Brazil,Maize,2007,2173.0,83.78,32.0,37775.6
Brazil,Potatoes,2005,2331.5,353.64,29.5,193125.9
India,Potatoes,2001,2358.6,438.44,18.6,215146.6
Australia,Soybeans,2014,1404.2,386.06,10.3,32619.5
Brazil,Maize,2003,1765.4,126.27,18.6,30325.3
United States of America,Maize,2011,2762.0,69.99,12.5,37816.9
India,Potatoes,2010,2816.7,282.78,27.4,200942.0
United States of America,Wheat,2008,1445.2,368.35,33.4,39943.7
Brazil,Wheat,2013,936.9,83.18,14.7,30548.1
Brazil,Soybeans,2014,447.9,167.93,30.1,30081.1
Australia,"Rice, paddy",2008,608.5,207.55,31.6,28945.5
Brazil,"Rice, paddy",2016,1885.1,16.91,32.8,30408.3
India,Potatoes,2005,391.5,156.08,29.5,170061.2
United States of America,Soybeans,2016,780.7,480.55,13.7,32936.8
China,Soybeans,2007,1655.9,297.89,11.7,31285.4
Brazil,Soybeans,2016,398.7,236.3,24.1,32245.7
United States of America,Wheat,2013,2228.0,264.06,23.4,40432.2
Brazil,Potatoes,2000,1202.8,38.21,28.8,131015.9
United States of America,"Rice, paddy",2018,2038.8,204.66,10.6,32830.2
Australia,Wheat,2002,923.9,336.11,10.5,33589.5
India,Soybeans,2002,2696.1,278.58,28.0,40159.5
China,Potatoes,2004,680.9,203.49,18.1,191291.4
United States of America,"Rice, paddy",2006,2286.9,424.14,13.1,38279.1
United States of America,"Rice, paddy",2000,2507.1,171.24,16.5,35811.1
United States of America,Maize,2011,2542.8,172.92,29.3,39730.2
Brazil,Potatoes,2011,678.3,434.3,22.2,191813.9
India,"Rice, paddy",2018,1683.6,370.97,27.5,33878.5
Brazil,Potatoes,2012,2166.3,341.75,30.6,183658.4
Australia,"Rice, paddy",2003,1644.8,34.05,20.1,33262.3
Australia,"Rice, paddy",2020,1011.9,133.62,28.3,29591.4
United States of America,Potatoes,2012,2095.6,88.1,32.9,153157.5
United States of America,"Rice, paddy",2010,797.8,45.62,29.3,24421.6
Australia,Soybeans,2010,1079.5,178.16,28.0,31949.6
United States of America,Soybeans,2000,1028.8,270.15,14.1,27507.3
China,Maize,2016,1640.2,298.62,18.4,36536.1
India,Wheat,2000,1637.8,344.36,20.9,41452.6
Brazil,Maize,2017,2458.4,347.5,16.8,36360.4
China,Maize,2016,669.4,475.14,21.2,41289.9
China,Maize,2007,2025.2,379.64,28.1,40609.4
United States of America,Wheat,2011,897.3,493.84,33.6,39715.9
United States of America,Wheat,2020,1577.7,156.77,13.0,32602.3
United States of America,Maize,2017,2311.7,27.91,21.4,36144.5
Brazil,"Rice, paddy",2006,399.9,298.34,15.8,28031.5
China,Wheat,2003,2435.0,159.72,25.6,43086.4
Australia,"Rice, paddy",2011,929.0,12.69,31.8,27517.6
Brazil,Maize,2006,325.6,26.82,12.2,26314.5
Australia,Potatoes,2015,2658.9,492.05,29.2,172374.0
Australia,Wheat,2016,598.3,177.63,17.2,29086.9
China,"Rice, paddy",2004,413.7,9.43,34.7,19887.3
China,Potatoes,2004,2423.1,45.16,20.4,172980.1
Brazil,Soybeans,2001,751.0,495.59,15.8,35447.7
Australia,Maize,2012,624.9,23.95,19.6,30224.8
India,Wheat,2002,2530.8,400.48,25.7,45323.7
China,"Rice, paddy",2016,769.5,198.42,29.0,27027.2
India,Maize,2002,906.0,112.3,23.4,36262.4
United States of America,Maize,2008,1356.2,136.84,21.9,38240.2
Brazil,Wheat,2001,2627.7,404.85,26.4,43218.8
China,Maize,2004,431.7,266.53,34.1,32032.3
Australia,Potatoes,2004,2977.0,31.23,32.1,197959.5
Brazil,"Rice, paddy",2007,1827.5,133.88,32.0,31231.9
Brazil,Potatoes,2000,724.8,80.62,18.4,187977.4
China,Soybeans,2010,2895.6,233.0,32.0,35087.8
United States of America,"Rice, paddy",2010,917.3,454.4,10.0,36474.5
China,"Rice, paddy",2012,1965.7,490.6,25.8,40945.3
United States of America,Potatoes,2012,2405.6,53.94,29.0,196973.5
China,Potatoes,2014,2816.5,51.7,33.4,182352.4
China,"Rice, paddy",2003,1112.6,354.23,11.7,28727.5
United States of America,Maize,2017,2653.1,486.76,34.2,45000.1
China,Maize,2002,1904.9,192.11,11.6,33078.8
Brazil,Maize,2001,1038.8,498.56,20.7,42687.5
Australia,Wheat,2006,1723.0,413.05,17.5,42592.9
China,Maize,2002,2867.3,75.95,20.8,38519.2
Australia,Soybeans,2019,1373.5,137.47,34.6,31015.7
United States of America,Soybeans,2002,384.1,326.01,19.2,31059.4
China,Maize,2007,730.0,102.25,12.3,28603.6
United States of America,Potatoes,2006,1990.8,66.06,10.8,154176.6
China,"Rice, paddy",2002,800.7,231.32,10.0,31804.7
China,Potatoes,2008,841.4,246.05,11.6,196701.0
Australia,Soybeans,2001,2453.4,155.53,21.4,33916.2
Brazil,Soybeans,2000,2872.2,453.96,28.1,36823.0
Brazil,Wheat,2016,577.5,285.67,10.5,29861.9
India,"Rice, paddy",2007,326.4,163.57,22.9,28796.2
India,Wheat,2012,522.8,412.34,18.9,39802.3
United States of America,"Rice, paddy",2011,582.3,318.4,27.7,30232.4
India,Wheat,2006,1954.9,149.77,33.4,36391.1
China,Maize,2006,2084.2,276.72,24.9,40704.5
United States of America,Maize,2008,742.8,219.58,28.1,37352.2
India,Soybeans,2018,891.9,487.94,18.4,38184.7
Australia,Soybeans,2018,736.5,10.92,26.3,27864.9
Brazil,Maize,2009,1388.8,110.67,20.5,28925.6
India,Potatoes,2016,2644.3,363.72,28.6,168129.5
China,Potatoes,2017,2641.0,289.55,21.0,184309.7
Australia,"Rice, paddy",2003,2658.2,450.4,20.5,42412.2
Australia,Potatoes,2002,1982.0,315.96,28.3,170134.0
Brazil,"Rice, paddy",2007,1394.3,301.13,25.8,35216.8
Australia,Soybeans,2005,1629.2,123.99,31.8,25768.0
India,Potatoes,2001,557.2,326.24,17.8,202330.9
Australia,Wheat,2007,1916.5,198.63,15.9,36583.5
Brazil,"Rice, paddy",2002,1493.5,165.78,21.2,30322.1
Australia,Potatoes,2007,1966.3,353.54,14.2,190796.6
China,Potatoes,2010,2288.3,332.07,21.9,205321.7
China,Potatoes,2019,1028.3,29.01,23.3,198871.7
China,"Rice, paddy",2000,629.7,226.37,33.3,29248.8
China,"Rice, paddy",2019,2963.9,482.58,10.1,36071.9
United States of America,Wheat,2017,2927.4,290.27,16.4,37215.9
China,Soybeans,2019,2202.6,101.33,26.8,33520.4
United States of America,Soybeans,2000,2273.2,78.5,15.9,31158.9
United States of America,Wheat,2007,2634.4,384.38,12.8,42166.5
India,Potatoes,2000,1921.6,470.47,30.7,205199.8
China,"Rice, paddy",2017,1933.4,159.4,31.7,35693.9
India,Soybeans,2008,544.3,144.7,12.7,29148.3
China,Maize,2005,2733.7,439.01,17.9,44828.4
Australia,Maize,2000,624.6,272.47,10.1,28975.5
Australia,Maize,2000,941.4,186.94,15.7,29013.3
United States of America,Maize,2002,754.8,321.47,29.0,42331.8
United States of America,Potatoes,2020,2497.2,54.9,13.7,179521.6
Australia,Potatoes,2003,1941.3,382.56,30.3,187664.3
Brazil,Maize,2014,832.3,239.85,14.9,33624.2
Australia,Potatoes,2015,1712.3,335.21,33.2,221688.9
United States of America,Potatoes,2017,1379.7,488.37,30.6,206245.7
Brazil,Potatoes,2009,2459.4,92.7,17.4,178076.9
China,Potatoes,2003,535.0,407.97,19.3,198864.9
Australia,"Rice, paddy",2014,2868.8,301.01,30.5,37433.7
India,"Rice, paddy",2009,2730.1,177.03,15.9,35508.3
Australia,Potatoes,2017,2276.3,425.66,26.8,208939.6
United States of America,Wheat,2017,713.1,118.0,31.7,33823.7
India,Soybeans,2016,781.8,156.48,15.8,29542.5
India,Soybeans,2001,1041.3,298.72,26.9,30993.4
United States of America,Soybeans,2006,2256.2,8.4,18.5,31341.5
United States of America,Soybeans,2013,1015.2,322.82,24.9,36685.1
India,Wheat,2005,1258.5,35.18,23.0,34740.2
United States of America,Maize,2011,1175.7,166.83,26.7,30622.5
China,"Rice, paddy",2005,1806.0,365.46,21.6,37320.1
China,Soybeans,2012,2014.4,377.54,14.3,34807.2
United States of America,Wheat,2015,303.3,150.78,34.5,25170.1
China,Maize,2007,354.1,368.72,29.2,33862.3
India,Wheat,2020,550.9,128.9,29.7,33236.0
China,Potatoes,2001,470.4,59.27,15.7,192055.9
Australia,"Rice, paddy",2008,536.6,468.51,23.8,34233.8
United States of America,Potatoes,2017,1692.3,459.74,22.4,176896.2
China,Soybeans,2019,863.0,465.33,12.9,33243.4
United States of America,Maize,2015,872.4,409.46,18.1,39766.9
Brazil,"Rice, paddy",2001,903.8,478.68,24.3,37456.5
Australia,Wheat,2003,1937.2,70.03,32.5,36364.9
Australia,Potatoes,2002,2872.6,412.69,26.7,200821.7
China,Wheat,2014,2900.4,274.99,34.1,38646.9
China,Soybeans,2013,2665.5,139.24,31.3,30643.4
Brazil,Soybeans,2018,817.8,106.27,22.1,31616.7
United States of America,Soybeans,2014,2955.9,119.97,13.6,32932.7
Brazil,Potatoes,2000,1675.4,498.35,30.3,182280.5
China,Potatoes,2019,2070.5,424.08,28.1,190328.6
Australia,Maize,2006,1718.9,241.08,14.4,38263.0
Australia,Soybeans,2001,661.3,209.58,29.8,33224.0
Australia,Wheat,2012,332.7,120.98,34.4,32203.3
United States of America,Soybeans,2012,415.1,186.02,16.6,28095.5
Australia,"Rice, paddy",2003,2634.6,122.12,26.3,39208.0
Brazil,Wheat,2019,2620.8,196.5,33.9,39938.5
United States of America,Potatoes,2015,987.6,420.52,11.0,179206.3
China,Soybeans,2010,1637.7,193.48,21.3,33840.6
Australia,Maize,2004,2291.1,256.35,27.0,38584.7
Australia,Wheat,2010,2079.4,401.16,12.6,40865.5
United States of America,Potatoes,2010,2921.0,471.19,29.6,189299.3
Brazil,Maize,2004,1784.0,415.35,11.7,36427.6
China,Wheat,2007,2376.9,312.52,19.5,41683.7
United States of America,Maize,2016,989.6,130.73,11.7,30078.6
United States of America,"Rice, paddy",2020,638.1,237.43,12.8,30011.5
Australia,Soybeans,2015,2491.8,328.41,13.2,37457.2
India,Wheat,2007,1466.6,219.98,25.3,37904.5
China,Potatoes,2020,2125.2,248.28,10.3,186653.2
China,Wheat,2014,981.1,377.64,21.5,38881.6
China,Maize,2010,1027.2,270.01,28.2,36028.2
China,Maize,2017,876.5,253.17,31.0,32204.5
Australia,Maize,2004,1893.9,254.43,17.4,40979.8
China,Wheat,2004,732.2,231.05,10.2,34174.1
India,Potatoes,2004,2679.9,139.31,14.8,188496.7
India,"Rice, paddy",2020,2279.3,308.18,14.7,37310.2
India,Soybeans,2008,1796.4,3.11,29.0,26301.7
Brazil,Maize,2004,636.7,193.0,26.1,30704.0
United States of America,Maize,2004,2090.2,1.44,14.5,30707.1
India,Potatoes,2013,2253.2,52.52,15.6,163902.1
China,Potatoes,2001,1918.3,301.27,10.6,192892.5
Brazil,Soybeans,2011,2419.2,353.99,29.7,35070.4
Brazil,Soybeans,2003,630.4,367.89,15.9,31058.7
China,Maize,2014,2995.5,466.59,26.1,45346.7
India,Potatoes,2019,2421.3,59.61,20.2,185578.6
India,"Rice, paddy",2015,847.9,282.99,34.5,32756.0
Brazil,Soybeans,2010,365.3,415.93,16.8,28822.6
Australia,Maize,2009,2602.4,113.16,19.4,37163.9
Australia,Potatoes,2016,1475.0,468.71,27.7,189370.5
United States of America,Maize,2000,2406.6,4.01,11.4,32089.7
China,Potatoes,2019,2073.8,478.33,11.7,180895.7
China,Maize,2013,973.8,136.34,29.0,31792.0
United States of America,Wheat,2012,1024.0,78.61,31.3,32764.0
Brazil,Wheat,2020,1737.5,205.84,18.7,36565.7
United States of America,Maize,2019,645.6,441.13,19.8,38675.1
India,Soybeans,2020,992.6,327.26,15.0,33383.8
India,Maize,2018,2924.4,304.46,18.7,39732.9
India,Wheat,2001,1390.7,271.5,29.8,35917.5
India,Wheat,2001,520.7,229.42,22.1,36628.2
United States of America,Maize,2006,1772.7,31.61,22.8,35639.1
China,Maize,2009,2940.8,397.1,22.4,46203.5
United States of America,Potatoes,2013,2336.1,9.46,13.2,171164.2
China,Potatoes,2013,944.7,225.89,34.6,176284.0
China,Wheat,2009,1644.1,53.18,26.4,33509.8
India,Maize,2017,552.2,220.82,14.9,34371.2
Australia,Soybeans,2007,2454.4,198.29,32.9,32689.4
United States of America,"Rice, paddy",2019,1806.1,83.43,25.3,33339.7
Brazil,Wheat,2000,390.1,182.16,28.3,32870.9
Brazil,Soybeans,2003,2456.2,483.89,31.4,40876.6
India,Soybeans,2020,2103.4,317.52,14.1,34100.7
United States of America,Maize,2004,1811.3,263.94,28.0,35788.7
Australia,Wheat,2019,2779.2,55.82,29.0,39385.5
India,Maize,2001,2518.4,229.9,18.9,41630.5
China,"Rice, paddy",2015,2222.4,413.08,12.5,37008.1
Australia,Maize,2019,2744.5,369.97,14.8,38498.5
India,Soybeans,2011,1572.5,489.56,25.9,43063.5
China,Soybeans,2015,587.1,157.8,10.1,24596.0
China,Potatoes,2000,2560.0,140.0,26.1,204148.0
China,"Rice, paddy",2014,1124.3,106.72,10.8,29264.7
China,Potatoes,2016,2368.4,394.33,26.6,180037.2
United States of America,Maize,2000,2660.4,0.59,14.2,29752.6
China,Soybeans,2007,647.9,206.67,30.1,26696.0
Brazil,Potatoes,2016,413.5,370.08,33.0,192325.8
Brazil,Maize,2002,2335.7,402.55,10.5,38302.6
India,Maize,2018,2656.4,56.73,27.6,34055.8
India,Wheat,2019,1113.4,299.38,17.4,37568.3
Brazil,Wheat,2003,474.1,438.68,31.9,34950.5
Australia,Wheat,2015,393.6,291.61,34.9,30687.4
United States of America,Soybeans,2020,471.8,415.77,25.0,35011.1
India,"Rice, paddy",2000,367.9,347.38,12.1,31360.2
China,Wheat,2018,2709.8,221.97,25.2,45141.1
Australia,Maize,2003,2126.4,66.28,15.9,37355.9
China,Soybeans,2002,2061.0,475.29,25.0,40526.0
India,"Rice, paddy",2016,407.4,302.23,32.7,33481.9
Brazil,Potatoes,2009,2923.1,166.01,22.1,205350.4
Australia,Potatoes,2016,1694.7,3.25,10.2,150080.2
Brazil,Potatoes,2000,1214.9,401.39,24.3,172599.9
India,Wheat,2004,1068.3,409.19,23.3,41454.8
Brazil,Wheat,2006,1632.6,351.28,34.8,37725.5
India,Potatoes,2018,1409.8,453.85,27.9,185972.4
China,Soybeans,2015,1101.2,359.36,33.9,34391.5
Australia,Wheat,2014,2653.3,128.72,26.6,40761.5
India,Potatoes,2017,549.2,298.36,23.7,193925.6
Brazil,Wheat,2006,1414.2,323.23,26.2,42106.1
Brazil,Maize,2012,327.4,318.23,32.8,35017.8
China,Maize,2020,2736.6,33.69,23.3,37330.8
United States of America,Wheat,2008,1439.5,147.87,22.2,35419.0
Australia,Wheat,2005,2583.1,346.4,20.7,43910.1
Brazil,Soybeans,2008,1127.0,394.6,21.2,36629.1
China,Potatoes,2014,2350.2,49.89,32.2,189896.5
United States of America,Maize,2003,1361.0,263.14,22.8,38015.1
Australia,Wheat,2000,2855.9,170.21,22.9,39170.8
United States of America,Potatoes,2002,1219.6,36.32,20.2,204041.8
Australia,"Rice, paddy",2015,888.3,494.02,21.4,34528.5
China,Wheat,2012,2924.5,114.63,34.4,35270.7
United States of America,Maize,2013,383.6,194.3,14.0,30455.6
United States of America,Maize,2014,1617.2,65.46,30.9,29084.4
Brazil,Potatoes,2017,2532.1,492.01,17.2,172428.4
China,Wheat,2012,2921.0,386.88,34.5,49669.6
Australia,Soybeans,2018,1261.7,413.49,27.7,32518.7
United States of America,Wheat,2020,1224.6,135.49,34.2,28573.3
China,Soybeans,2002,706.4,408.47,15.2,34584.4
Australia,Wheat,2002,2676.8,311.89,24.2,41257.3
Australia,Potatoes,2004,1584.0,271.74,15.7,191966.6
Brazil,Soybeans,2001,2249.8,266.93,31.7,35779.1
China,Soybeans,2016,2138.0,233.66,10.9,32028.9
India,Maize,2018,1684.8,47.29,28.9,28316.6
China,Maize,2000,1819.3,220.89,25.1,37391.6
India,Maize,2017,2259.4,447.28,21.4,47723.0
China,Soybeans,2002,841.3,55.08,31.3,24463.4
India,Wheat,2016,1105.8,120.57,17.8,35993.9
Australia,Maize,2002,2169.8,67.65,17.5,35810.1
China,"Rice, paddy",2008,1052.7,105.75,33.9,29704.4
Brazil,Wheat,2003,2552.2,370.37,13.6,43175.4
Australia,Potatoes,2008,2368.5,423.04,25.3,202693.2
China,Maize,2002,1782.7,316.23,24.4,37585.3
United States of America,Soybeans,2018,1711.0,150.13,11.9,33020.6
China,"Rice, paddy",2001,2217.3,333.59,15.3,36154.9
United States of America,Maize,2007,1089.8,76.59,16.7,30890.6
India,Wheat,2008,892.0,17.32,15.4,29621.9
Brazil,Wheat,2016,2243.4,433.53,21.3,45117.0
China,"Rice, paddy",2013,1550.6,117.71,17.6,32984.5
China,Soybeans,2007,1032.8,248.6,17.1,32015.9
Brazil,Wheat,2011,1386.6,51.82,14.7,30132.2
Australia,"Rice, paddy",2017,1045.7,353.63,11.6,33759.9
Australia,Potatoes,2010,2532.1,65.4,24.1,185533.9
United States of America,Potatoes,2003,2430.1,445.99,20.8,196690.9
China,Maize,2004,613.3,21.62,24.1,31937.9
China,Maize,2009,675.6,127.49,31.9,29065.5
Brazil,Wheat,2003,2196.9,149.38,12.6,34165.7
Brazil,Maize,2011,2998.6,52.85,22.5,39834.9
Brazil,"Rice, paddy",2013,2381.1,1.94,31.5,29689.7
Australia,"Rice, paddy",2004,2519.9,425.25,15.3,38148.5
India,Potatoes,2012,2335.9,18.45,19.9,221564.6
China,"Rice, paddy",2002,1152.2,322.59,19.9,32082.2
China,Soybeans,2010,1293.0,29.52,12.8,27946.2
United States of America,Soybeans,2011,569.6,344.18,16.0,31945.4
Brazil,Wheat,2002,1391.6,265.7,24.9,39416.4
Australia,Maize,2003,412.5,199.12,29.1,27992.5
India,Potatoes,2011,639.0,8.97,29.3,177032.7
India,"Rice, paddy",2004,1017.1,9.27,17.3,26765.4
China,Wheat,2011,303.7,150.25,26.2,36973.7
China,Maize,2008,1776.8,414.97,25.2,39200.9
Brazil,Potatoes,2007,477.4,114.5,16.2,168775.4
China,Soybeans,2014,461.2,335.99,24.6,37206.3
Brazil,Potatoes,2008,853.4,362.95,25.5,203550.4
India,"Rice, paddy",2009,1150.9,138.48,34.5,30404.2
China,Maize,2010,2486.6,473.72,18.4,43502.0
China,Wheat,2014,463.7,345.15,27.3,37292.5
India,Maize,2000,2886.4,265.07,16.0,41452.1
Australia,"Rice, paddy",2020,2898.2,310.64,33.2,38170.9
Australia,Maize,2005,1503.0,104.99,11.2,34537.9
India,Wheat,2015,2986.4,263.85,19.8,41148.1
China,Maize,2015,1398.0,476.53,23.1,42166.7
China,Maize,2004,1479.9,296.98,11.8,35327.8
China,Potatoes,2018,2276.7,177.84,27.5,194365.9
Brazil,Soybeans,2015,2938.7,378.78,14.0,42500.4
India,Maize,2006,2409.6,480.1,29.1,42975.2
Australia,Potatoes,2008,2555.6,392.32,19.4,217551.5
Australia,"Rice, paddy",2007,2589.7,364.57,12.4,37626.9
Australia,Maize,2002,2715.5,0.72,32.5,33764.8
India,Soybeans,2006,1303.7,196.53,28.9,32846.8
Brazil,Maize,2016,1499.8,138.14,25.6,30691.9
India,"Rice, paddy",2000,817.3,459.16,12.5,36980.4
United States of America,Maize,2010,2329.8,114.73,33.9,35500.8
India,Soybeans,2003,1870.4,218.59,24.5,33128.1
Brazil,Potatoes,2018,1062.7,176.85,32.4,202213.1
United States of America,Potatoes,2014,1770.2,102.63,16.4,176761.0
Brazil,Potatoes,2013,492.1,34.97,33.5,134541.6
Brazil,Soybeans,2003,2172.8,385.68,26.4,39029.9
Brazil,"Rice, paddy",2016,1755.6,141.59,20.6,33629.1
Australia,Wheat,2009,841.5,102.19,10.3,24318.2
China,Maize,2018,440.1,95.96,17.8,31322.2
India,Soybeans,2012,1441.1,151.81,18.1,33560.2
India,Maize,2018,790.4,185.79,32.5,30368.6
Australia,Wheat,2015,511.8,272.48,27.7,39288.7
Brazil,"Rice, paddy",2008,1025.9,314.4,22.0,34816.4
India,Maize,2020,1812.2,390.48,27.7,39882.4
Brazil,Potatoes,2016,2818.9,413.84,27.4,195399.4
India,"Rice, paddy",2006,2596.3,172.63,10.8,36531.9
India,Soybeans,2008,1232.4,168.14,34.5,30314.0
China,Soybeans,2000,1142.4,241.51,22.7,34490.3
China,"Rice, paddy",2016,368.0,419.58,10.3,28034.9
Brazil,Soybeans,2018,2206.7,267.38,23.5,36128.6
Australia,Wheat,2004,2239.8,431.39,14.5,43081.9
China,Maize,2010,2636.3,79.06,17.7,38832.4
United States of America,Maize,2004,491.4,156.78,33.4,26963.9
China,Wheat,2016,353.4,195.65,14.8,33850.1
China,Wheat,2005,1201.9,366.48,20.1,38479.4
Brazil,Soybeans,2001,854.6,191.03,34.6,25319.7
China,Maize,2019,1050.2,138.52,20.8,30049.6
United States of America,Soybeans,2008,2292.3,352.42,20.6,38230.2
Brazil,Wheat,2011,499.9,302.94,22.9,39011.1
United States of America,"Rice, paddy",2010,1907.5,86.47,33.1,32906.5
China,Maize,2008,548.6,299.72,25.6,32281.1
United States of America,Maize,2005,977.4,338.18,27.7,38518.4
India,Maize,2003,973.7,1.51,14.4,27963.4
Australia,Maize,2018,2684.1,101.72,24.7,35635.1
United States of America,Wheat,2012,1402.0,8.19,24.6,33404.7
India,"Rice, paddy",2003,2259.5,308.82,28.5,33582.8
India,"Rice, paddy",2017,2305.6,163.86,32.3,33640.8
Brazil,Wheat,2018,1891.5,306.84,25.9,41954.4
United States of America,"Rice, paddy",2019,850.9,327.17,30.5,32322.8
Australia,Maize,2015,2760.2,177.75,20.6,38341.2
United States of America,Wheat,2010,1906.0,186.41,18.3,37086.7
China,Maize,2012,2424.3,199.03,22.8,40916.9
Brazil,Maize,2013,1302.0,460.42,24.6,37098.5
China,Wheat,2004,2099.5,393.8,21.4,44078.2
Australia,"Rice, paddy",2010,2022.5,416.9,22.5,36723.3
China,"Rice, paddy",2001,1650.2,392.66,25.0,37781.0
Australia,Potatoes,2006,451.7,245.8,33.2,182622.4
United States of America,Wheat,2000,2794.9,56.38,22.9,38279.6
India,"Rice, paddy",2020,2316.3,360.42,30.7,40201.1
India,Potatoes,2011,974.9,257.75,23.4,193305.0
Australia,Soybeans,2019,2656.1,414.14,15.4,40223.9
United States of America,Wheat,2009,1033.0,116.28,18.0,35080.0
Australia,Wheat,2005,1794.1,251.81,14.8,38660.9
India,Potatoes,2015,2320.6,219.89,25.3,211764.0
Australia,Soybeans,2012,2249.2,192.71,22.2,38341.5
Australia,"Rice, paddy",2004,2277.5,257.71,14.0,33553.6
India,Wheat,2010,2277.5,440.89,13.0,45035.6
United States of America,Wheat,2009,1940.9,123.05,11.4,38905.1
Brazil,Potatoes,2007,2962.9,207.66,28.8,199715.4
United States of America,Wheat,2017,1184.4,273.57,24.4,40803.2
Australia,Soybeans,2015,1935.2,59.04,18.4,31453.4
Australia,Soybeans,2016,2133.0,386.61,33.8,35069.1
India,Wheat,2016,2614.7,336.79,20.2,42809.8
United States of America,Potatoes,2015,326.9,361.86,23.4,202611.7
India,Soybeans,2015,849.3,64.13,17.1,29193.9
Brazil,"Rice, paddy",2008,2682.9,233.42,11.9,40935.9
India,"Rice, paddy",2018,1058.4,104.37,11.0,24336.3
China,Potatoes,2019,2050.5,37.52,19.4,186836.5
Australia,Potatoes,2009,1167.1,110.45,18.8,176340.3
China,Maize,2019,422.4,175.3,33.2,29783.9
Brazil,"Rice, paddy",2016,1307.8,316.18,12.4,29026.0
United States of America,Soybeans,2015,2329.7,401.6,23.0,43410.4
India,Maize,2004,859.6,356.76,19.7,33751.5
Australia,"Rice, paddy",2016,997.2,302.9,20.8,35864.6
United States of America,Potatoes,2009,1862.8,316.38,13.9,210227.5
Brazil,Wheat,2007,1919.4,430.83,31.7,41541.5
United States of America,Potatoes,2010,807.4,38.95,27.4,204310.7
United States of America,Wheat,2005,1739.8,318.56,28.7,39170.3
Australia,Wheat,2012,2530.0,231.83,17.0,42621.1
United States of America,Soybeans,2014,2518.4,231.03,34.6,35519.1
China,"Rice, paddy",2004,2319.2,75.73,15.4,27922.3
Australia,Soybeans,2002,2525.7,315.2,31.5,36487.3
India,Maize,2007,2287.8,218.49,26.7,39001.2
India,Soybeans,2005,556.3,499.45,18.2,34442.5
Brazil,Soybeans,2009,315.4,233.18,24.3,28381.9
Brazil,Potatoes,2010,1273.2,391.98,24.2,183650.9
China,Soybeans,2002,342.5,9.07,32.9,21920.4
Brazil,"Rice, paddy",2002,2833.7,207.7,20.1,38906.8
Brazil,Wheat,2003,2974.8,378.49,21.1,43660.0
China,Maize,2010,2808.7,171.28,23.2,43060.2
Brazil,Soybeans,2018,1496.3,247.33,31.5,33964.2
Brazil,Maize,2017,1278.6,431.89,12.8,37198.8
Brazil,Soybeans,2011,1651.0,345.6,27.4,33391.6
Brazil,Wheat,2006,1918.1,90.09,27.6,38558.4
United States of America,Wheat,2013,758.3,10.06,29.5,34556.1
China,Potatoes,2005,1747.0,244.5,20.0,205511.4
Australia,"Rice, paddy",2004,2551.2,321.47,12.0,35244.4
Brazil,Potatoes,2007,479.6,115.78,32.9,180629.4
China,Potatoes,2015,2164.8,298.59,22.5,218051.1
India,Maize,2018,381.1,448.73,25.6,36542.2
India,Soybeans,2013,1205.3,33.97,34.4,27381.4
Australia,Maize,2013,1341.1,35.98,15.3,30997.8
United States of America,Maize,2019,449.1,471.22,11.9,38143.3
Australia,Wheat,2007,609.0,4.85,13.9,22804.3
Brazil,Soybeans,2009,992.5,177.98,26.8,30078.3
United States of America,Maize,2013,2470.3,69.01,24.5,37394.9
Brazil,Potatoes,2015,770.5,437.77,21.0,194747.4
United States of America,Soybeans,2001,1537.8,362.64,24.4,37144.7
Brazil,Potatoes,2007,2093.3,100.02,11.1,176414.5
India,Potatoes,2020,1621.4,370.95,22.3,183259.3
China,Maize,2006,615.9,399.96,13.1,33195.8
Australia,Soybeans,2016,2508.2,255.32,28.4,39911.4
China,"Rice, paddy",2013,2040.8,115.3,23.8,36332.3
China,Soybeans,2002,890.5,91.83,30.6,25522.5
Australia,Wheat,2005,1311.3,398.97,19.2,40752.1
Australia,Soybeans,2019,2116.5,110.64,15.5,29747.5
United States of America,Potatoes,2006,1890.1,375.96,25.6,191321.0
China,Soybeans,2016,710.5,229.43,18.8,30681.0
India,"Rice, paddy",2007,2786.0,20.51,17.3,30780.8
Brazil,Soybeans,2006,317.4,386.37,27.6,31313.8
United States of America,"Rice, paddy",2016,2201.0,467.62,19.4,39372.6
Brazil,Soybeans,2020,422.7,323.48,15.7,34367.8
India,Potatoes,2009,2388.6,62.14,25.7,206168.0
India,Wheat,2011,367.4,224.79,15.9,32079.0
China,Wheat,2012,601.3,304.36,17.0,34792.2
United States of America,Maize,2010,1834.9,325.93,15.3,35055.9
United States of America,Soybeans,2020,1827.6,464.61,19.7,38896.1
India,Wheat,2002,1430.2,146.61,18.3,38622.9
United States of America,Maize,2006,1016.8,305.93,27.0,38275.9
Australia,Maize,2019,2295.5,139.09,17.0,34687.9
United States of America,Soybeans,2019,2130.9,271.74,18.7,38282.4
China,Maize,2013,513.1,221.68,16.5,31192.5
United States of America,Wheat,2011,801.5,186.57,33.2,34153.6
Australia,Wheat,2001,811.4,3.01,11.5,25989.9
India,"Rice, paddy",2019,2335.4,289.16,32.6,36771.6
India,Maize,2011,2635.4,125.1,27.9,38882.0
United States of America,Potatoes,2011,2754.8,157.28,27.3,182607.4
Brazil,"Rice, paddy",2020,1460.9,415.56,13.0,33726.7
Australia,Wheat,2019,1077.5,246.66,17.5,32931.7
Australia,Wheat,2004,1258.9,23.1,15.4,36428.2
China,Maize,2017,585.8,436.57,23.1,36576.1
United States of America,Wheat,2019,329.2,413.36,30.0,41440.7
Australia,"Rice, paddy",2012,504.3,181.09,12.3,24360.5
Brazil,"Rice, paddy",2000,2189.2,308.66,31.6,36726.4
China,Potatoes,2006,765.8,284.2,17.4,184438.6
United States of America,Potatoes,2011,1713.7,109.52,34.7,183851.5
India,Wheat,2009,1269.9,411.86,30.5,34902.6
India,Wheat,2012,528.7,233.61,22.1,34899.7
Brazil,Soybeans,2014,2523.8,192.61,21.5,36620.1
Australia,"Rice, paddy",2016,1436.1,301.04,33.4,32605.5
United States of America,Potatoes,2005,735.3,328.38,34.3,205400.2
Australia,Potatoes,2014,1954.5,469.27,26.5,208085.0
India,Maize,2018,925.0,340.84,33.5,34671.2
Australia,Wheat,2006,989.4,53.38,18.9,31804.2
Australia,"Rice, paddy",2013,1050.9,108.87,17.2,27716.0
China,Soybeans,2012,2217.3,48.32,17.9,31202.7
Brazil,Wheat,2006,895.2,443.15,33.4,39269.2
India,Maize,2009,1150.0,22.0,29.5,31901.7
China,"Rice, paddy",2010,2712.7,329.2,10.2,36780.6
United States of America,"Rice, paddy",2014,1606.9,257.29,17.7,32647.3
China,Maize,2002,2536.9,356.57,27.4,39282.3
Brazil,Soybeans,2005,1489.5,66.64,19.6,28223.3
Brazil,Soybeans,2009,369.6,301.96,26.5,30063.8
India,Wheat,2009,1981.4,111.73,17.7,37156.2
India,Potatoes,2001,761.5,209.36,28.9,174386.5
India,Wheat,2013,731.0,168.14,11.9,31386.4
Brazil,Maize,2020,2554.4,487.36,13.4,43542.7
China,Wheat,2009,2802.7,107.24,20.5,38643.6
Brazil,"Rice, paddy",2002,377.4,291.83,10.3,27190.5
United States of America,Potatoes,2012,1828.8,3.63,11.5,187078.8
Brazil,Maize,2014,1033.0,452.17,19.4,37442.7
China,Soybeans,2010,2475.3,112.55,15.7,32741.8
Australia,Soybeans,2015,821.8,25.75,25.7,25540.2
United States of America,Soybeans,2019,1629.8,221.33,18.4,30970.2
China,Potatoes,2018,883.9,104.69,17.4,183724.4
India,Potatoes,2001,1402.8,340.01,11.4,190228.0
China,Soybeans,2018,2182.3,97.12,26.0,34036.1
China,Potatoes,2008,921.0,205.95,16.0,176733.1
India,Potatoes,2008,1773.1,53.24,11.1,178985.1
United States of America,Potatoes,2011,519.3,496.29,13.9,213929.0
China,Maize,2009,2443.3,329.88,24.4,40897.8
Australia,"Rice, paddy",2019,1505.4,309.58,26.6,36482.4
Australia,Maize,2000,648.8,50.22,25.1,26903.6
India,Wheat,2010,2978.3,147.39,15.3,39656.4
United States of America,"Rice, paddy",2009,2637.0,51.87,13.1,30317.2
United States of America,Maize,2016,2848.6,383.03,10.1,42318.6
China,Potatoes,2009,2169.4,117.05,25.6,183524.3
Australia,Soybeans,2019,2193.7,57.16,34.9,31419.2
United States of America,Wheat,2001,1410.7,63.63,10.7,34383.2
China,Potatoes,2001,1451.3,274.3,14.4,188868.6
Brazil,"Rice, paddy",2013,1374.3,403.09,24.8,38418.3
Australia,"Rice, paddy",2013,2460.6,431.57,13.8,34249.7
China,Soybeans,2003,2262.5,392.49,34.9,33728.0
Australia,Potatoes,2019,2854.0,148.26,10.0,188214.7
Brazil,Maize,2004,2087.0,317.04,24.8,42987.5
Australia,Potatoes,2016,2545.1,459.24,26.2,183707.1
Australia,Maize,2019,2041.2,144.48,17.5,36501.3
Australia,Maize,2019,1827.5,257.47,12.1,31033.9
India,"Rice, paddy",2012,2969.9,113.25,19.7,32835.1
Brazil,Maize,2015,2988.0,291.57,30.3,40891.6
United States of America,Soybeans,2014,1159.4,244.77,31.5,34815.0
India,Maize,2002,2099.9,60.22,24.3,37181.4
China,Wheat,2006,2656.7,250.23,28.3,38848.2
China,Wheat,2019,1628.5,398.36,15.8,41471.4
China,"Rice, paddy",2015,1062.1,149.39,16.9,30744.3
Brazil,Potatoes,2014,1769.7,117.25,25.9,212318.1
Brazil,Maize,2005,1712.7,136.26,20.0,38528.9
China,Wheat,2002,2486.8,291.77,28.3,44620.4
Brazil,Soybeans,2003,812.8,351.02,23.9,35846.0
Australia,Wheat,2012,2369.6,351.2,18.3,41840.4
China,Maize,2016,2125.5,153.97,19.3,39352.4
United States of America,Potatoes,2010,2917.2,189.23,11.6,182769.9
Brazil,Wheat,2003,748.3,31.02,22.5,33154.7
United States of America,Maize,2014,1964.4,228.99,19.9,37256.9
India,"Rice, paddy",2006,2051.7,477.31,13.8,43040.5
Australia,"Rice, paddy",2005,2644.1,149.03,14.1,32353.3
China,"Rice, paddy",2003,2282.8,104.81,11.5,35149.7
India,Soybeans,2002,614.5,127.5,17.4,30124.6
China,Maize,2010,1827.8,454.06,19.9,39690.1
Brazil,Maize,2003,1958.9,262.07,18.0,36451.8
India,Potatoes,2010,2436.8,457.94,19.0,182297.7
Australia,Wheat,2012,1364.2,301.87,30.0,36863.0
Brazil,Soybeans,2017,1867.7,468.0,26.8,42021.4
Brazil,Wheat,2020,334.8,113.73,24.2,33018.9
Australia,"Rice, paddy",2019,365.1,58.67,13.2,24213.9
Australia,"Rice, paddy",2000,2555.5,98.85,21.0,31182.4
Brazil,"Rice, paddy",2003,1253.4,399.99,23.9,37623.4
India,Wheat,2020,1418.2,478.99,23.5,46327.6
China,Potatoes,2018,1989.3,286.02,14.6,186040.2
United States of America,Soybeans,2009,1766.1,187.22,25.6,32414.5
Brazil,Maize,2018,2304.2,122.46,25.0,39389.5
Australia,Maize,2002,1333.5,419.65,13.6,36734.2
China,Maize,2020,369.7,276.87,23.0,33212.9
United States of America,Wheat,2016,2043.0,23.27,33.6,32940.7
India,Wheat,2017,758.7,63.91,13.1,26354.0
India,Maize,2005,2147.6,474.52,13.6,41289.1
Australia,Maize,2013,1071.9,336.36,14.2,34842.9
India,Potatoes,2000,360.0,494.28,11.0,169904.8
United States of America,Soybeans,2012,757.7,25.96,25.4,28250.4
Australia,"Rice, paddy",2014,2790.6,36.83,17.0,29665.7
India,Maize,2018,2979.8,120.71,31.9,36030.4
India,Wheat,2018,2297.1,306.33,10.4,40367.4
Brazil,"Rice, paddy",2011,2273.3,210.3,24.5,36770.4
Australia,Wheat,2004,2168.5,70.42,20.4,37974.9
Australia,Potatoes,2015,2008.6,384.58,34.9,156710.9
Australia,Wheat,2008,862.5,178.04,26.7,39858.2
Brazil,Maize,2012,1903.2,288.01,14.0,42426.4
Australia,Potatoes,2017,486.7,413.84,16.4,164652.1
United States of America,Potatoes,2005,1192.5,372.5,20.3,194923.6
Australia,Soybeans,2016,659.6,131.04,20.5,25910.6
India,Potatoes,2008,793.4,159.86,20.4,185669.7
Australia,Maize,2013,582.6,64.73,24.3,31674.9
India,Maize,2017,2228.9,181.14,13.1,36938.5
India,Soybeans,2016,2626.5,288.77,32.3,33977.3
United States of America,Soybeans,2018,2482.7,306.02,17.4,35263.8
India,"Rice, paddy",2015,836.3,123.81,17.7,26068.2
Australia,Soybeans,2005,1892.1,34.15,30.8,30779.8
United States of America,Wheat,2019,1863.2,7.8,19.0,32300.7
China,Wheat,2012,2456.4,466.41,10.5,48176.1
United States of America,"Rice, paddy",2012,351.2,368.09,15.2,28256.5
India,Maize,2015,1163.3,29.03,13.4,25040.9
China,Wheat,2019,1683.0,340.4,33.3,36526.3
Australia,Soybeans,2013,1309.7,443.2,13.8,34353.3
India,Soybeans,2001,2906.1,214.38,25.8,35749.2
Brazil,"Rice, paddy",2002,1454.2,322.79,28.6,33665.7
Brazil,Wheat,2003,2446.7,162.2,29.1,35650.8
India,Maize,2005,2032.2,13.27,29.7,32167.6
Brazil,"Rice, paddy",2015,2483.8,437.81,17.6,40533.9
Australia,Maize,2009,2364.6,73.77,27.3,35979.8
India,Wheat,2013,2043.5,255.53,13.0,38815.0
United States of America,Potatoes,2002,778.2,3.07,21.1,190680.4
Brazil,Maize,2019,1081.5,391.72,30.1,36098.1
Australia,Wheat,2007,2129.9,126.53,31.8,36091.4
China,Wheat,2010,2126.9,318.21,20.0,45880.5
Australia,Wheat,2016,1544.4,414.44,30.7,39488.6
China,Soybeans,2016,1121.5,70.05,25.3,30069.9
United States of America,Maize,2014,2628.7,116.92,27.4,39420.0
United States of America,Soybeans,2019,1769.5,487.9,19.2,39550.3
China,Wheat,2001,752.1,231.57,10.8,32400.9
Brazil,"Rice, paddy",2016,1518.4,434.65,23.3,36100.5
China,Soybeans,2020,2507.6,447.58,31.3,37964.4
United States of America,"Rice, paddy",2003,1684.8,160.77,24.9,33851.2
India,Soybeans,2004,2785.9,172.84,11.4,32923.3
India,"Rice, paddy",2008,1795.3,256.73,17.0,31074.4
United States of America,Soybeans,2005,2278.7,438.16,28.1,41097.8
China,Potatoes,2017,497.1,372.14,27.8,176610.1
United States of America,Wheat,2003,2778.2,54.46,15.8,34944.6
India,Soybeans,2017,1520.9,369.68,27.2,38023.8
Australia,"Rice, paddy",2016,2625.9,433.08,10.2,37664.4
Brazil,"Rice, paddy",2009,1818.6,140.08,29.6,34865.8
China,Wheat,2019,2629.9,133.9,23.4,39390.9
United States of America,Maize,2018,349.3,452.12,11.7,36563.1
India,Wheat,2016,930.6,34.56,14.7,26442.4
Brazil,Soybeans,2010,2744.3,246.73,18.3,37685.6
United States of America,Wheat,2015,2214.0,496.9,17.9,46931.5
Brazil,Maize,2011,356.0,380.56,11.1,34096.2
Australia,Soybeans,2005,510.2,477.75,16.2,33729.8
Australia,"Rice, paddy",2015,612.0,418.29,22.6,35292.5
India,Wheat,2006,837.9,142.45,17.2,29990.2
Brazil,"Rice, paddy",2009,824.5,223.88,30.7,27075.6
India,Potatoes,2000,720.6,273.75,12.2,155996.4
United States of America,Soybeans,2006,1004.5,484.82,28.4,33023.7
China,Soybeans,2004,681.2,381.88,12.7,31766.4
Australia,"Rice, paddy",2002,1994.7,96.41,13.7,30702.3
India,Wheat,2006,2696.2,312.9,30.2,42000.5
China,"Rice, paddy",2006,2527.0,344.56,23.8,38365.6
China,Wheat,2000,831.1,119.12,17.5,35765.7
India,Maize,2016,821.5,235.92,21.8,38316.4
China,"Rice, paddy",2006,1415.4,100.07,20.3,30584.3
Brazil,"Rice, paddy",2004,1273.1,43.99,15.1,25996.8
India,Wheat,2004,2592.1,198.94,16.1,38094.7
India,Soybeans,2017,2907.7,103.29,28.5,36800.9
Australia,"Rice, paddy",2009,1743.3,98.13,14.2,29250.0
India,Wheat,2003,2870.6,369.09,24.9,47153.3
Brazil,Potatoes,2008,1147.9,249.85,15.4,211790.9
China,Wheat,2017,2539.3,95.57,32.9,36550.3
Brazil,Wheat,2011,2357.9,406.0,18.5,46306.4
Brazil,Potatoes,2003,2840.7,311.79,28.5,192878.6
Australia,Wheat,2016,354.1,31.72,19.7,27934.3
China,Wheat,2013,1773.4,102.43,17.3,41120.6
United States of America,Wheat,2012,1327.3,53.51,23.3,38675.2
China,Wheat,2011,2897.7,268.05,25.5,40073.5
United States of America,Potatoes,2020,856.1,0.97,11.0,182484.3
China,"Rice, paddy",2019,2613.8,469.39,22.3,42729.2
United States of America,Potatoes,2013,1848.6,171.15,26.2,189477.3
Brazil,Soybeans,2018,817.7,277.97,24.6,31317.4
China,Maize,2020,538.0,388.51,31.2,34741.0
United States of America,Soybeans,2020,1745.4,317.84,14.9,31759.9
India,"Rice, paddy",2020,2319.6,418.35,27.6,39693.9
United States of America,Potatoes,2005,1724.5,129.82,11.3,177297.5
United States of America,Wheat,2016,2438.1,405.88,22.1,47341.3
India,Potatoes,2017,2264.6,461.34,29.1,211710.7
United States of America,Soybeans,2018,1615.5,12.87,16.2,24981.7
China,Soybeans,2003,833.4,402.68,14.6,31877.8
Australia,"Rice, paddy",2011,1668.1,428.07,28.7,36687.4
China,Wheat,2000,2256.7,418.29,31.6,43564.9
China,"Rice, paddy",2005,1792.6,370.46,22.1,42093.5
India,Maize,2017,502.2,53.53,30.9,29489.9
United States of America,Maize,2009,1663.3,384.49,11.5,34973.3
United States of America,Wheat,2019,1447.4,191.75,28.0,37454.0
India,Soybeans,2001,1008.5,211.15,11.0,33338.4
United States of America,Soybeans,2011,924.7,202.42,34.8,26275.1
United States of America,"Rice, paddy",2003,1694.9,142.66,22.9,33577.9
Brazil,"Rice, paddy",2015,1158.7,462.36,11.4,36293.8
United States of America,Wheat,2015,1948.0,273.43,16.2,41210.4
Brazil,"Rice, paddy",2011,2746.8,371.85,23.3,39672.2
Australia,Potatoes,2001,328.5,197.35,31.3,176895.0
China,Wheat,2014,2675.6,324.52,32.5,41749.0
Australia,Wheat,2020,1153.8,422.56,21.9,38965.7
Brazil,Potatoes,2020,1307.1,104.91,27.4,215073.9
Australia,Soybeans,2020,1565.1,74.41,34.6,27756.8
Australia,Potatoes,2007,1826.6,10.99,10.9,166164.2
China,"Rice, paddy",2004,1114.9,19.18,22.6,31787.2
China,Maize,2004,2937.8,93.87,21.1,35127.4
Australia,"Rice, paddy",2013,567.9,214.61,25.7,31692.7
Australia,Maize,2009,387.6,118.18,17.8,26982.8
Australia,Maize,2018,849.4,477.3,33.0,37277.3
China,"Rice, paddy",2003,1998.0,320.37,31.3,34831.3
Brazil,Maize,2001,2341.7,197.18,25.2,42283.1
United States of America,Potatoes,2019,1109.8,237.42,14.2,173793.1
United States of America,Wheat,2015,2875.7,432.85,24.4,49814.9
China,Wheat,2008,1880.3,128.58,33.3,33978.5
Brazil,Maize,2001,2613.5,233.71,19.0,43115.1
Brazil,Potatoes,2015,1582.8,193.33,34.2,183750.2
India,"Rice, paddy",2017,1597.5,34.84,23.7,32394.6
United States of America,Soybeans,2019,447.4,485.94,22.8,35326.7
India,"Rice, paddy",2004,2616.2,152.8,14.8,32818.7
China,Maize,2012,843.8,5.27,11.9,25633.6
Brazil,"Rice, paddy",2001,1226.2,494.07,22.1,41711.8
China,Maize,2020,561.1,360.37,17.0,34162.7
Australia,Soybeans,2016,359.0,387.36,13.4,35872.4
Brazil,Maize,2003,1817.2,56.41,25.2,32639.9
Australia,Maize,2016,2964.1,125.81,22.7,39184.9
Brazil,Soybeans,2015,2897.6,254.73,21.3,38292.1
India,Potatoes,2004,685.6,290.12,17.1,174476.8
India,Soybeans,2002,2515.6,196.44,21.2,32632.4
India,Soybeans,2005,472.5,37.63,12.9,24231.2
Brazil,Soybeans,2012,1237.4,397.19,25.6,38437.6
Brazil,Maize,2006,1839.5,305.29,33.6,41255.9
Brazil,Wheat,2004,2987.6,144.11,23.5,42533.9
India,Potatoes,2007,756.7,488.74,31.3,226350.3
India,Potatoes,2018,580.1,148.06,12.3,171855.1
Brazil,Potatoes,2017,1301.6,386.19,14.3,159440.5
China,Wheat,2014,387.5,168.25,22.8,31336.8
Brazil,Maize,2012,2486.9,119.53,15.6,31653.1
Brazil,Potatoes,2017,2581.0,40.26,27.7,192009.6
Brazil,Wheat,2017,2643.5,291.76,28.0,40748.6
Brazil,Wheat,2008,958.8,483.38,34.0,38973.5
Australia,Potatoes,2003,2561.1,161.83,32.2,180207.6
China,Soybeans,2005,587.3,410.97,13.5,31655.4
India,Potatoes,2009,1166.0,96.53,17.7,182423.1
United States of America,Potatoes,2016,952.3,340.8,27.9,197795.3
China,Maize,2006,2127.6,32.52,24.9,32934.8
China,"Rice, paddy",2004,1542.9,109.19,13.3,30504.0
United States of America,Maize,2002,486.1,242.03,15.5,33127.7
United States of America,Wheat,2019,876.6,205.87,27.6,34823.6
Brazil,Soybeans,2018,676.2,433.18,31.8,30875.1
Australia,Maize,2011,1467.0,46.2,28.7,27293.6
Australia,Maize,2005,2155.5,156.76,11.5,30246.3
Brazil,Maize,2014,670.0,431.17,30.4,34789.2
China,Soybeans,2019,2599.8,26.76,12.6,32765.2
United States of America,Wheat,2007,1464.3,284.86,10.1,41917.4
Australia,"Rice, paddy",2010,2250.0,87.49,23.7,32522.5
Brazil,Soybeans,2006,1100.4,464.86,13.1,38368.2
China,Wheat,2001,996.9,232.26,13.3,32978.8
United States of America,Potatoes,2014,2038.6,417.25,24.4,208533.0
China,Wheat,2017,1727.5,17.67,26.0,34635.9
United States of America,"Rice, paddy",2015,2997.4,110.55,12.6,31743.3
Brazil,"Rice, paddy",2001,1726.1,233.9,12.7,33808.8
Australia,Potatoes,2012,433.1,129.11,13.4,179231.7
Australia,Maize,2005,1344.1,410.66,34.2,38426.0
Brazil,Wheat,2018,1479.2,232.27,29.7,30062.8
Australia,Potatoes,2010,366.5,348.5,28.1,197686.5
India,Maize,2002,2055.5,491.25,32.8,43928.6
China,Maize,2018,561.9,32.59,24.8,30716.0
United States of America,Potatoes,2005,2807.1,320.72,17.8,196764.1
Australia,Wheat,2014,2925.9,180.35,21.9,45042.0
Australia,"Rice, paddy",2005,1128.7,29.02,18.6,25444.4
Brazil,Wheat,2015,1913.7,434.91,32.3,37674.5
Australia,"Rice, paddy",2005,1652.8,286.59,13.4,28579.3
India,Maize,2007,956.6,275.51,14.8,35040.2
China,"Rice, paddy",2013,1482.7,171.53,23.7,34164.2
United States of America,"Rice, paddy",2015,2648.0,95.13,20.0,33585.3
Australia,Potatoes,2015,1846.5,409.84,18.2,201316.1
India,Wheat,2012,371.8,367.75,25.6,41728.1
Australia,"Rice, paddy",2006,2161.4,142.26,27.3,34545.2
United States of America,Wheat,2008,2618.2,481.38,25.7,47747.8
Australia,"Rice, paddy",2017,2553.0,28.58,28.7,34623.2
China,Wheat,2000,1148.2,479.01,10.8,36197.9
Brazil,Potatoes,2012,2770.1,106.25,13.6,185019.5
Brazil,Potatoes,2003,2761.8,73.73,26.1,186812.2
India,"Rice, paddy",2010,2548.3,246.96,32.8,34466.8
Australia,Maize,2012,2957.0,146.48,17.4,39898.1
Brazil,Maize,2011,1017.4,447.96,12.6,32438.6
United States of America,Wheat,2006,902.3,273.06,27.1,37461.0
China,Maize,2015,2509.4,168.17,24.4,35694.1
United States of America,Maize,2000,589.5,212.03,21.3,34872.0
China,Potatoes,2003,2794.1,410.82,18.9,204457.3
India,"Rice, paddy",2001,2128.2,341.49,25.7,39734.6
Brazil,Wheat,2013,1222.7,92.12,10.2,31105.2
Brazil,Wheat,2002,910.9,66.34,32.2,29433.3
Brazil,Soybeans,2017,1333.7,315.5,20.8,33041.7
China,Maize,2004,2357.7,468.12,33.5,42071.6
India,Wheat,2000,1580.0,437.9,16.8,41062.7
Australia,Soybeans,2017,2246.8,128.95,28.0,33160.6
United States of America,"Rice, paddy",2016,2522.1,117.9,26.3,33748.4
Brazil,"Rice, paddy",2009,590.1,8.95,32.7,26358.0
India,Wheat,2005,507.3,207.15,27.0,33395.4
China,Soybeans,2007,1657.8,397.66,13.4,34263.4
United States of America,Potatoes,2002,850.1,130.7,12.3,160024.5
United States of America,Maize,2013,1689.3,354.63,32.7,40553.0
United States of America,"Rice, paddy",2012,2576.0,223.22,27.7,38021.0
Brazil,Wheat,2001,2020.7,35.81,19.0,35621.1
United States of America,Wheat,2020,1230.9,195.45,32.3,35135.7
China,Wheat,2003,1931.6,315.19,20.4,39258.8
Australia,Potatoes,2007,2681.3,479.56,14.8,179974.1
India,Maize,2004,1227.1,10.04,27.2,31330.9
Brazil,Maize,2017,320.2,211.63,28.0,33235.8
Brazil,Soybeans,2018,1026.8,491.14,19.6,35822.8
United States of America,Potatoes,2020,2540.8,208.11,16.5,171347.6
Australia,Potatoes,2000,1761.3,26.93,27.5,190229.5
India,Wheat,2005,1085.7,434.55,32.6,43932.0
United States of America,"Rice, paddy",2008,1629.4,96.56,21.6,31783.2
United States of America,Potatoes,2002,2020.1,449.38,21.4,197482.3
United States of America,Wheat,2012,1538.5,91.22,17.6,34410.6
India,Soybeans,2001,2218.1,209.75,22.9,34283.5
United States of America,Maize,2005,1268.6,315.74,27.9,33061.1
China,Soybeans,2002,962.7,358.92,29.4,32432.6
Brazil,Potatoes,2017,571.2,254.82,10.6,150361.4
China,Maize,2013,2583.2,317.81,11.0,37434.8
United States of America,Wheat,2010,1288.5,52.27,27.6,31290.4
United States of America,Maize,2007,695.8,80.25,29.8,28011.2
India,Wheat,2020,1980.9,154.8,19.2,39197.7
Australia,Maize,2009,676.1,260.36,10.9,32862.2
China,Soybeans,2016,2751.0,44.16,33.4,32766.4
Australia,Wheat,2020,2871.1,25.41,13.7,37345.9
India,Soybeans,2018,2893.0,22.77,13.6,31609.7
Brazil,"Rice, paddy",2006,1918.3,171.17,33.8,31181.3
Australia,Soybeans,2019,1647.2,36.57,27.1,33083.3
India,Wheat,2002,2050.3,86.61,31.8,35589.5
China,Wheat,2018,2036.3,381.39,24.6,44251.5
China,Soybeans,2007,2334.4,66.67,23.7,31459.9
China,"Rice, paddy",2019,1428.6,426.72,31.4,37139.6
India,"Rice, paddy",2017,1982.5,178.36,29.7,32349.2
China,Wheat,2004,936.3,356.97,31.8,35221.7
Brazil,"Rice, paddy",2017,1523.8,426.66,24.5,38478.7
India,Wheat,2020,2827.6,257.0,33.8,35114.0
Brazil,Soybeans,2006,1220.6,402.83,18.5,36908.7
India,"Rice, paddy",2008,1199.9,246.22,24.3,34911.0
Australia,"Rice, paddy",2019,1805.1,489.18,29.3,37572.6
Brazil,Maize,2015,755.9,230.61,17.7,32999.7
United States of America,Potatoes,2002,1507.7,482.78,19.4,193366.5
India,Wheat,2005,1536.0,379.88,15.1,42961.1
India,Wheat,2004,853.4,371.13,11.3,35166.2
United States of America,Wheat,2013,2145.0,92.19,30.5,33192.4
Australia,"Rice, paddy",2016,1701.9,117.57,13.1,29134.5
Australia,Maize,2019,1771.0,135.24,27.6,36955.9
Brazil,Soybeans,2002,1335.1,418.66,31.6,33105.8
China,Maize,2011,1887.9,333.65,15.0,37368.5
China,"Rice, paddy",2019,576.3,205.54,33.3,29013.4
Brazil,"Rice, paddy",2018,1559.2,181.15,12.7,31067.6
United States of America,"Rice, paddy",2002,2982.7,87.85,26.8,35791.0
Brazil,Soybeans,2006,469.9,94.08,10.8,26732.8
Brazil,Soybeans,2019,1113.2,124.86,19.3,31559.4
China,Potatoes,2013,1515.2,102.76,24.2,175909.3
Brazil,Wheat,2016,2558.4,256.21,23.2,44989.3
Brazil,Potatoes,2003,1843.5,166.16,28.1,183981.1
China,Potatoes,2016,342.4,180.37,12.2,233813.4
Brazil,"Rice, paddy",2004,572.5,99.91,35.0,26072.8
United States of America,Maize,2019,2859.2,129.65,18.4,39779.0
United States of America,Potatoes,2007,1640.6,62.1,20.0,206939.6
India,"Rice, paddy",2007,1289.7,186.99,13.8,28735.9
United States of America,Potatoes,2006,1290.1,53.35,25.7,183829.9
China,Soybeans,2002,1653.1,192.19,34.3,33878.7
Brazil,Potatoes,2010,1432.6,195.65,26.6,183128.1
Brazil,"Rice, paddy",2008,2343.7,303.55,14.2,34290.9
United States of America,Wheat,2019,546.9,278.64,32.3,32380.2
United States of America,Potatoes,2018,400.5,458.84,26.8,176720.8
India,"Rice, paddy",2018,2599.2,78.73,34.4,31778.5
Brazil,Maize,2007,2728.7,470.47,26.8,47566.7
United States of America,Soybeans,2000,2556.0,480.83,29.4,43731.7
China,Soybeans,2018,1674.0,31.69,19.6,32749.5
Australia,Wheat,2007,2909.8,226.38,13.6,41392.3
Australia,Potatoes,2017,2679.4,175.42,12.1,176990.6
United States of America,Maize,2015,1495.2,242.89,29.4,33572.5
Brazil,Potatoes,2007,1279.7,300.75,31.2,154468.5
India,Potatoes,2015,1154.4,171.42,14.9,151661.3
Australia,"Rice, paddy",2005,1968.9,255.0,23.6,37134.9
India,"Rice, paddy",2008,2867.0,204.65,21.7,37744.3
Australia,"Rice, paddy",2013,2310.8,84.53,14.7,34862.9
China,Soybeans,2011,968.2,322.8,26.3,33162.9
Australia,Maize,2000,1024.3,499.67,14.4,41128.6
Brazil,"Rice, paddy",2015,1508.3,477.53,33.0,34796.2
India,Potatoes,2016,1762.3,314.9,16.4,177136.6
China,Maize,2014,743.5,252.11,30.8,30599.8
Brazil,Wheat,2012,2238.9,290.94,33.7,42635.9
United States of America,Maize,2004,768.9,345.24,26.1,37317.8
Brazil,Soybeans,2006,1055.4,282.69,12.2,31913.7
India,Potatoes,2000,2172.2,495.33,16.9,161401.0
China,"Rice, paddy",2016,1781.7,398.24,24.6,38115.8
India,Maize,2007,1149.4,256.29,33.5,33603.7
China,Wheat,2014,837.7,212.68,19.6,34429.4
India,"Rice, paddy",2014,1663.8,494.19,21.6,36917.4
United States of America,Wheat,2019,2247.9,470.67,32.0,43229.9
China,Soybeans,2005,1817.8,276.58,12.9,33378.9
Brazil,Potatoes,2018,835.2,72.43,35.0,156801.5
India,Maize,2011,2571.0,498.43,20.8,46190.0
India,Soybeans,2002,922.1,342.76,34.5,31442.4
China,Wheat,2009,1614.2,351.31,31.3,36530.3
India,Potatoes,2009,1512.5,398.33,23.7,189950.6
United States of America,Potatoes,2004,1979.4,270.27,28.7,204526.6
Australia,Maize,2018,2920.2,56.64,16.7,38977.2
China,Maize,2006,741.9,138.84,11.6,27286.8
India,Potatoes,2020,652.7,186.23,10.6,182202.5
United States of America,Wheat,2006,516.2,237.49,10.2,32517.4
Brazil,"Rice, paddy",2004,441.3,391.53,31.1,32575.2
Brazil,Soybeans,2012,2317.5,105.1,23.4,35392.8
Australia,"Rice, paddy",2015,2125.6,453.92,28.2,42178.3
China,Maize,2006,1286.5,420.89,23.9,42037.0
Australia,Maize,2006,2229.3,311.89,34.3,35406.0
India,Soybeans,2006,2944.0,348.33,26.8,41696.1
Brazil,Wheat,2000,1708.9,293.03,10.2,34806.6
United States of America,Wheat,2013,1070.1,277.21,10.0,36063.5
India,Soybeans,2001,1857.7,77.84,18.9,30140.2
China,Soybeans,2012,2071.2,170.9,28.7,29562.1
China,Wheat,2020,2931.9,412.89,11.5,48184.6
Australia,Potatoes,2007,1836.1,440.91,33.5,180668.6
United States of America,Wheat,2012,432.7,95.94,29.8,31990.0
Brazil,Maize,2016,2322.3,136.52,12.9,35180.4
India,Wheat,2020,1910.3,183.33,30.2,37164.2
India,"Rice, paddy",2009,997.7,409.39,32.5,32789.3
Brazil,"Rice, paddy",2012,454.2,336.58,23.3,34091.4
India,Wheat,2014,1654.6,362.87,12.8,37886.8
United States of America,Wheat,2013,763.5,404.01,27.3,33268.5
United States of America,"Rice, paddy",2006,1482.9,408.99,23.7,37400.6
Australia,Wheat,2009,1514.5,378.3,29.9,38526.6
Brazil,Maize,2014,1010.3,362.33,14.7,35303.0
United States of America,"Rice, paddy",2019,1403.6,214.75,24.6,35234.7
Brazil,"Rice, paddy",2006,1165.5,67.92,17.4,24950.9
United States of America,Soybeans,2019,2449.1,153.23,11.8,36407.1
China,Potatoes,2017,2440.3,139.93,26.2,199947.6
Australia,"Rice, paddy",2001,1724.5,327.89,15.8,37125.8
Brazil,Maize,2010,1695.9,265.02,20.0,39600.9
Brazil,Potatoes,2009,2433.4,109.28,26.9,176326.8
United States of America,"Rice, paddy",2018,1268.9,305.22,19.6,35993.4
India,Wheat,2019,1771.7,330.9,32.6,38655.3
China,Wheat,2008,1484.4,109.53,13.3,31005.5
Australia,Wheat,2018,503.9,413.88,20.7,40744.5
India,"Rice, paddy",2007,542.2,480.79,30.2,31672.3
India,"Rice, paddy",2003,2094.0,354.55,14.4,35531.9
Australia,Maize,2001,685.7,382.24,29.7,38290.2
United States of America,Wheat,2009,2133.8,37.5,34.8,34833.7
India,Soybeans,2008,608.3,259.4,24.7,30996.5
United States of America,Wheat,2016,1915.1,301.11,11.6,37031.6
United States of America,Wheat,2013,1704.3,305.56,16.6,39240.0
China,Potatoes,2015,2478.3,78.88,10.4,145134.9
United States of America,"Rice, paddy",2009,673.4,213.35,23.8,28154.6
China,"Rice, paddy",2008,2841.3,431.01,24.1,43470.3
Australia,"Rice, paddy",2019,1375.9,158.8,21.7,30471.7
India,"Rice, paddy",2012,1865.5,314.12,19.1,35068.6
Australia,Maize,2016,2296.6,213.45,18.3,39964.0
India,Maize,2019,2480.3,254.59,11.4,35396.3
China,"Rice, paddy",2002,2216.4,241.37,23.0,37444.1
United States of America,"Rice, paddy",2015,2125.5,202.8,33.3,31993.2
Australia,Soybeans,2011,2780.0,452.1,13.9,42559.0
Australia,Maize,2019,1881.1,295.88,28.0,35052.8
United States of America,"Rice, paddy",2008,1193.7,418.81,17.7,30307.1
China,"Rice, paddy",2014,2815.0,454.25,29.5,41540.9
India,Soybeans,2010,2285.8,496.04,25.7,38794.9
India,Maize,2009,1737.4,152.03,19.8,33719.7
United States of America,"Rice, paddy",2015,711.2,132.36,20.7,27229.0
United States of America,Maize,2008,1591.4,90.73,22.1,36807.8
United States of America,Potatoes,2004,2371.5,103.34,18.0,198173.7
Brazil,Potatoes,2012,2573.4,241.69,26.5,196994.7
India,Maize,2017,2554.2,378.07,22.1,42999.6
India,Soybeans,2018,2618.9,314.62,29.1,40691.9
China,Wheat,2003,2465.2,425.82,22.1,46162.4
Brazil,Potatoes,2002,2050.8,190.11,28.9,189732.0
China,Maize,2011,1961.4,206.27,33.4,39855.9
Australia,Soybeans,2008,1332.0,141.25,28.0,33101.0
United States of America,"Rice, paddy",2012,1681.3,79.88,11.3,27231.5
China,Soybeans,2001,1644.5,155.36,30.3,31316.9
India,Soybeans,2015,426.8,283.38,29.1,29926.3
Brazil,"Rice, paddy",2016,1579.2,223.66,10.2,29760.4
China,Potatoes,2015,2031.4,207.12,17.3,190060.9
India,Maize,2011,2033.7,149.43,13.2,28807.7
India,Soybeans,2014,1571.2,99.87,25.0,31203.9
China,Maize,2019,2382.4,19.89,14.9,31537.2
China,Wheat,2007,1252.3,163.19,21.8,35147.0
Australia,Potatoes,2014,1241.7,347.09,14.0,199552.7
China,"Rice, paddy",2014,2101.0,455.83,18.6,38229.1
Brazil,Maize,2016,1295.5,345.17,19.7,37833.9
Brazil,Soybeans,2011,2124.9,124.74,10.4,31198.1
Brazil,Soybeans,2015,951.6,39.73,18.9,25098.2
China,Wheat,2005,2298.0,155.21,31.5,35852.0
Brazil,Potatoes,2013,1965.6,1.95,10.2,194233.4
India,"Rice, paddy",2003,1881.6,293.59,21.1,34771.4
China,Soybeans,2019,1018.3,295.61,22.6,35076.1
India,"Rice, paddy",2002,2269.7,10.66,15.1,31906.9
Australia,Wheat,2002,1562.9,136.76,21.6,36617.4
India,"Rice, paddy",2013,1801.0,202.29,21.5,37811.2
Brazil,"Rice, paddy",2001,718.1,91.87,19.1,25876.7
China,Potatoes,2013,501.0,252.09,14.6,207568.9
India,"Rice, paddy",2016,324.3,129.28,20.2,29654.6
Australia,Potatoes,2001,2049.9,9.67,26.3,168865.1
India,Maize,2008,2792.7,344.8,13.2,42373.8
China,"Rice, paddy",2004,2556.0,22.31,15.9,28202.1
United States of America,Wheat,2009,1725.7,484.74,28.1,45290.4
Australia,Maize,2017,2158.7,79.65,29.7,31999.0
United States of America,Soybeans,2012,630.7,267.25,32.0,27825.8
United States of America,"Rice, paddy",2000,490.2,139.43,18.1,27614.5
United States of America,"Rice, paddy",2010,2640.5,313.32,26.7,38860.5
Australia,"Rice, paddy",2002,2071.7,236.1,24.3,36123.4
Australia,Soybeans,2000,1126.7,327.99,16.0,31983.9
Australia,"Rice, paddy",2014,2521.5,259.4,21.5,38648.5
United States of America,"Rice, paddy",2017,1998.9,349.81,27.8,33557.0
Brazil,Soybeans,2005,2341.8,138.33,32.6,31614.7
Australia,Maize,2018,572.6,480.96,26.3,41071.9
United States of America,Potatoes,2003,1653.9,117.2,20.2,200633.3
United States of America,Wheat,2002,1899.9,190.27,22.5,40774.9
United States of America,Maize,2017,1663.3,88.62,30.3,30569.6
Brazil,"Rice, paddy",2018,1296.3,68.19,23.0,30248.2
India,Wheat,2018,795.7,126.76,20.2,36794.6
United States of America,Wheat,2015,492.4,427.2,29.5,37176.8
Brazil,Maize,2004,2229.7,468.88,32.8,40706.9
China,Soybeans,2008,1775.3,284.95,18.6,33184.6
Brazil,Wheat,2006,424.4,272.17,18.5,40710.9
United States of America,Wheat,2014,2913.9,389.89,10.6,41194.6
China,"Rice, paddy",2004,427.1,334.44,31.6,31859.3
Australia,Wheat,2000,2549.7,464.74,25.7,45412.1
Brazil,Wheat,2003,2951.8,491.52,33.1,44371.9
India,Soybeans,2004,817.0,193.43,22.1,33008.9
United States of America,Soybeans,2003,632.9,74.15,10.7,25475.5
Australia,Potatoes,2012,2347.6,303.2,24.3,194010.3
United States of America,Soybeans,2000,1724.2,412.51,31.4,32625.5
India,Wheat,2000,733.9,489.14,14.0,40618.0
China,Maize,2017,2026.3,64.95,20.8,35759.6
China,Potatoes,2019,993.0,357.09,22.0,191283.0
India,"Rice, paddy",2004,2910.5,263.53,17.6,36229.0
Australia,"Rice, paddy",2000,1166.0,433.89,15.8,34754.0
India,Potatoes,2014,483.6,97.3,15.4,165127.4
India,Maize,2012,451.9,40.81,34.8,28494.7
China,Maize,2019,2066.4,267.04,33.6,40432.5
India,Soybeans,2010,1023.0,227.75,21.8,30363.6
Brazil,Maize,2004,2043.6,7.25,14.1,29351.4
United States of America,"Rice, paddy",2000,2067.9,195.35,14.9,33896.4
Australia,Soybeans,2008,1863.7,94.94,32.5,32571.3
Brazil,"Rice, paddy",2012,626.6,39.81,23.2,30359.9
China,Soybeans,2018,2145.3,342.1,22.5,39010.0
United States of America,"Rice, paddy",2017,1178.6,47.82,34.4,27793.7
India,Soybeans,2015,2487.7,268.52,17.0,36710.8
India,Wheat,2017,1990.2,75.7,21.7,38393.1
Australia,Maize,2003,1685.6,248.1,18.3,32061.3
India,Soybeans,2018,1610.2,271.93,17.6,31880.9
Australia,Wheat,2011,613.7,308.32,21.1,38413.1
China,Maize,2020,1292.8,50.76,17.7,28704.2
United States of America,"Rice, paddy",2000,1542.3,97.13,15.3,28080.2
India,Potatoes,2003,1516.9,376.93,33.9,172674.0
Brazil,Soybeans,2008,991.3,325.59,12.9,26903.4
Brazil,Maize,2008,553.8,145.72,34.6,32726.9
China,Soybeans,2018,2990.0,422.85,25.3,44242.2
China,Maize,2005,2185.1,146.06,18.4,36282.1
India,Wheat,2012,2605.4,70.51,23.6,39170.1
Brazil,Soybeans,2012,2132.4,210.74,34.0,33007.0
Brazil,Soybeans,2006,595.3,198.95,18.4,31542.1
Australia,Wheat,2004,2641.1,476.36,20.1,46783.2
China,"Rice, paddy",2004,637.7,65.33,23.9,27963.3
United States of America,Wheat,2000,802.0,112.57,22.3,35605.6
United States of America,"Rice, paddy",2019,1783.0,374.31,29.6,38805.0
United States of America,Maize,2015,2267.3,177.75,25.3,35888.0
India,"Rice, paddy",2008,2029.3,130.09,12.1,30130.5
Brazil,Wheat,2020,2430.4,175.81,20.1,38668.4
India,Wheat,2000,465.3,295.66,34.7,32379.3
China,Maize,2018,1846.2,250.54,31.4,38290.9
India,Soybeans,2012,2124.2,271.52,15.8,37267.7
Brazil,Soybeans,2006,2245.7,250.4,32.4,35220.9
India,Potatoes,2001,1291.4,271.38,13.7,184184.7
Australia,Maize,2015,2002.2,367.27,19.3,37344.4
India,Wheat,2008,2205.3,244.87,19.6,41638.2
India,Wheat,2011,818.4,420.08,28.1,38389.8
United States of America,Wheat,2017,2694.7,405.31,19.4,46644.9
Brazil,"Rice, paddy",2017,1866.6,452.07,18.0,36392.2
India,Wheat,2006,1926.8,148.26,32.2,36050.5
China,Soybeans,2015,436.6,463.18,34.0,35533.7
Australia,Soybeans,2011,724.5,345.47,22.8,35364.3
India,"Rice, paddy",2017,604.2,288.65,11.0,29946.8
United States of America,Maize,2004,2101.8,22.4,18.2,31890.9
United States of America,Wheat,2012,1198.3,219.43,16.6,36132.3
Australia,Wheat,2003,1605.5,342.88,29.5,43159.8
India,Wheat,2011,2234.1,334.86,21.9,43466.0
Brazil,Soybeans,2004,1651.0,179.08,16.9,34514.0
Australia,Soybeans,2012,771.4,161.47,34.4,29983.7
United States of America,Potatoes,2009,2323.2,482.36,11.8,218716.1
Brazil,Soybeans,2006,1035.2,85.11,25.5,30639.8
India,Soybeans,2009,2293.5,71.19,32.1,29254.2
Brazil,Maize,2012,2161.7,172.32,16.9,36444.3
India,Soybeans,2004,390.6,280.42,27.4,29732.4
China,Maize,2008,390.3,183.69,15.9,33060.1
United States of America,Soybeans,2005,2790.2,213.23,34.6,36475.9
Australia,"Rice, paddy",2007,447.9,211.07,27.7,29827.1
Brazil,Maize,2007,785.0,479.82,19.6,40594.2
Australia,Soybeans,2018,2096.2,39.81,25.1,31101.8
Australia,"Rice, paddy",2018,1551.2,299.92,14.3,31489.3
India,Potatoes,2011,2157.9,64.53,20.6,207473.7
India,"Rice, paddy",2013,1007.5,440.92,32.3,35690.4
Australia,Maize,2006,1986.7,141.63,19.5,32771.7
India,Soybeans,2014,1214.6,235.25,31.4,32409.8
Brazil,"Rice, paddy",2018,2002.5,374.92,20.9,37297.8
United States of America,"Rice, paddy",2005,383.2,439.66,10.3,31484.7
Brazil,Soybeans,2020,1869.8,274.69,15.5,35344.8
China,"Rice, paddy",2002,2821.7,102.1,13.7,33792.4
India,Soybeans,2008,2110.5,159.52,19.5,35089.0
China,Potatoes,2017,993.8,10.94,15.6,154707.5
Australia,Maize,2001,2839.5,453.02,24.2,44680.8
United States of America,Wheat,2001,1412.0,363.93,21.3,42411.5
India,Potatoes,2017,2496.8,18.37,23.2,167118.6
India,Maize,2004,2745.8,419.36,21.8,40756.4
Australia,Maize,2010,1554.7,410.46,25.4,39384.4
Brazil,"Rice, paddy",2006,2764.5,59.62,26.1,35309.2
Brazil,Maize,2004,1437.0,205.56,15.8,33004.8
India,Maize,2010,1405.4,145.3,10.4,27103.2
China,Potatoes,2009,1461.1,492.23,17.4,213570.9
United States of America,Maize,2006,2838.5,446.09,23.4,49872.2
China,Potatoes,2019,1423.2,373.46,12.3,188363.5
China,Maize,2012,2521.1,105.42,19.9,34522.0
India,Wheat,2002,1492.1,245.56,31.2,33288.2
Australia,Wheat,2011,995.8,442.52,24.4,39978.4
Australia,Potatoes,2000,2978.6,65.61,29.9,175732.5
China,Maize,2005,2277.6,216.39,27.0,41382.6
United States of America,Soybeans,2010,2037.7,54.48,20.9,32535.9
China,Maize,2016,1003.8,426.75,31.6,36063.4
China,Soybeans,2012,2939.0,19.16,21.1,34470.8
Brazil,Soybeans,2005,2699.9,24.64,24.1,31235.4
India,Wheat,2011,2915.8,495.95,29.7,48380.6
Brazil,Soybeans,2001,2865.6,32.1,25.1,38033.8
China,Maize,2006,1883.4,130.99,34.5,34132.4
Australia,Potatoes,2004,370.6,344.32,25.1,192854.7
Brazil,Maize,2010,2770.1,176.33,20.3,38024.2
India,"Rice, paddy",2012,2214.8,100.57,15.3,29400.4
China,"Rice, paddy",2012,2416.7,226.9,29.8,36735.7
Australia,Wheat,2020,1039.8,157.76,12.9,30855.3
China,Wheat,2017,582.1,360.27,27.2,36360.1
Australia,Wheat,2019,2342.7,129.05,27.3,43596.2
Brazil,Potatoes,2007,1577.7,309.05,21.4,184022.3
Australia,"Rice, paddy",2009,974.6,168.56,24.7,34400.3
United States of America,Soybeans,2019,914.6,262.46,30.2,30833.1
China,"Rice, paddy",2018,963.2,55.09,29.9,26956.6
United States of America,Maize,2011,442.4,228.74,33.6,30114.1
United States of America,Maize,2000,572.0,353.91,10.8,32776.4
China,Soybeans,2000,1267.6,92.01,26.1,29787.8
China,Potatoes,2019,1470.4,198.67,33.5,190575.7
China,"Rice, paddy",2001,650.7,357.86,11.7,29932.3
India,"Rice, paddy",2001,2272.1,266.67,33.3,34544.1
China,Wheat,2017,584.9,341.69,26.5,38935.6
India,"Rice, paddy",2015,2687.5,431.41,21.1,41681.0
Brazil,Soybeans,2002,524.2,95.93,21.0,27870.2
India,Potatoes,2010,2479.8,381.61,19.7,195694.9
China,"Rice, paddy",2020,2148.9,63.16,29.7,32303.2
United States of America,Wheat,2013,1402.2,140.59,28.3,34124.6
India,"Rice, paddy",2020,2133.7,492.48,10.7,36876.1
Australia,Maize,2003,930.7,389.3,25.2,38057.9
Australia,Maize,2003,1962.5,345.63,20.1,40394.5
United States of America,Soybeans,2009,1387.5,18.59,23.8,28208.9
Brazil,Maize,2014,981.1,267.34,30.6,35215.2
Brazil,Maize,2019,1648.8,435.03,13.2,40268.7
Brazil,"Rice, paddy",2016,1598.5,188.47,19.1,35967.6
Brazil,Maize,2000,2503.3,401.38,22.2,45176.3
India,Wheat,2018,662.1,28.67,31.7,26898.8
India,Maize,2018,904.3,170.55,34.8,27868.7
Australia,"Rice, paddy",2009,353.3,68.02,27.4,26800.3
United States of America,"Rice, paddy",2016,1247.0,378.99,24.6,37448.5
Brazil,Maize,2000,2829.8,188.94,26.6,43576.2
India,Wheat,2001,2662.3,405.51,34.5,41054.2
United States of America,Maize,2014,1096.8,366.83,31.8,39519.4
United States of America,Soybeans,2002,1223.0,84.55,24.5,30795.2
Australia,Soybeans,2020,2197.4,396.46,25.7,35187.0
United States of America,Maize,2016,1185.8,330.36,28.3,41230.3
Brazil,Soybeans,2004,1895.4,456.65,29.9,37377.6
China,Potatoes,2017,851.4,123.98,34.9,168540.4
Australia,Maize,2011,359.4,408.53,10.3,31583.2
China,Potatoes,2004,1951.0,348.17,18.6,201524.5
United States of America,Maize,2016,1374.8,13.71,18.4,36521.1
India,Maize,2006,2488.0,398.53,13.2,41047.9
China,Soybeans,2009,1479.8,392.38,12.3,35694.0
Australia,Soybeans,2011,2541.5,478.09,27.5,45155.0
Australia,Potatoes,2000,843.1,89.73,18.4,139805.7
Brazil,Maize,2009,2962.0,320.16,31.5,39616.1
United States of America,Potatoes,2019,653.5,348.26,15.2,179201.4
Australia,Soybeans,2018,2115.8,352.28,24.0,37838.1
Australia,Soybeans,2009,2421.7,231.5,33.5,32008.5
Brazil,Wheat,2017,1941.5,288.1,14.1,39865.4
China,Wheat,2009,1780.7,99.06,17.9,35321.2
Brazil,Wheat,2020,1570.3,264.14,35.0,35710.3
Australia,Soybeans,2003,2361.7,223.94,29.7,37174.2
Brazil,Wheat,2019,2161.0,304.05,23.5,37976.3
Brazil,Maize,2002,733.6,170.67,18.1,31336.0
Brazil,Potatoes,2016,996.4,246.01,34.4,192878.8
Brazil,Soybeans,2005,2917.8,373.25,14.4,35418.0
Brazil,Potatoes,2005,1266.1,138.09,30.2,162880.9
Australia,Soybeans,2013,1527.1,105.04,10.1,26112.8
Australia,"Rice, paddy",2011,1325.9,224.52,34.5,29534.0
China,"Rice, paddy",2019,2696.9,159.43,14.1,29705.3
India,Maize,2004,1577.6,315.38,32.7,39737.1
Brazil,Maize,2004,304.3,435.82,10.8,33038.6
Brazil,Soybeans,2007,1018.9,248.85,20.5,31025.3
Brazil,Potatoes,2014,493.9,373.78,11.3,158854.8
China,Wheat,2009,785.1,344.71,24.1,40800.9
India,Maize,2012,2851.5,71.23,26.1,39821.1
Brazil,Wheat,2015,1190.9,481.11,32.5,42644.5
Brazil,Soybeans,2020,1479.3,260.33,17.4,31734.0
India,Potatoes,2017,450.5,26.68,32.7,189668.9
India,"Rice, paddy",2020,720.2,196.27,22.3,33013.9
China,Wheat,2014,1154.6,18.27,13.4,30864.1
Australia,Soybeans,2000,2940.6,497.15,23.9,43874.2
India,Wheat,2002,1446.1,155.01,17.0,37197.5
Australia,Wheat,2020,2687.0,226.32,31.4,40797.3
Australia,Potatoes,2015,1417.7,241.95,16.6,169442.3
China,Soybeans,2004,1451.3,268.94,10.6,30509.7
India,Maize,2003,1357.5,311.15,34.2,34948.5
Brazil,Wheat,2004,1761.6,162.29,13.4,33413.1
China,Soybeans,2019,2282.1,331.02,30.4,33457.3
China,Potatoes,2011,2917.3,479.83,18.9,213580.7
India,Soybeans,2014,1395.2,339.94,11.7,35720.8
Australia,Wheat,2020,1432.3,482.72,27.1,44183.4
China,Maize,2010,1763.5,459.56,32.5,36269.9
India,Potatoes,2001,1057.9,499.66,16.7,183321.9
Australia,"Rice, paddy",2011,1230.2,31.24,16.7,28315.7
India,Wheat,2001,2359.6,256.78,26.8,42064.9
Brazil,Potatoes,2002,2289.4,300.89,26.4,195544.0
India,Maize,2014,1429.6,357.22,31.5,35998.2
United States of America,Potatoes,2014,514.7,244.28,13.9,155030.5
Australia,Wheat,2001,586.4,116.91,33.8,28479.4
China,"Rice, paddy",2014,2038.9,51.56,31.1,30841.3
United States of America,Potatoes,2001,2459.4,173.06,16.5,187192.6
Brazil,"Rice, paddy",2000,1764.9,489.23,30.3,39785.9
Brazil,Maize,2014,1267.0,189.63,20.5,34792.5
China,Soybeans,2008,1747.7,224.85,21.0,34508.4
China,Soybeans,2010,2373.5,480.38,22.5,40383.8
United States of America,"Rice, paddy",2003,1750.4,102.17,13.9,29420.6
Brazil,Maize,2020,1644.5,277.31,24.0,40723.1
Australia,"Rice, paddy",2013,471.7,110.93,22.8,27309.9
United States of America,Maize,2016,1741.1,72.35,10.2,30919.3
Australia,Maize,2010,2680.5,197.63,27.2,43151.5
Australia,"Rice, paddy",2000,1455.7,329.31,16.6,32070.9
Brazil,Potatoes,2009,316.0,188.41,11.6,168655.1
India,Potatoes,2008,2536.6,161.83,15.9,197721.8
China,Soybeans,2012,2308.9,251.86,11.7,35589.3
China,"Rice, paddy",2015,1451.8,444.62,31.1,37715.3
India,Potatoes,2004,2731.8,411.92,27.1,216660.8
China,Potatoes,2011,1983.2,333.02,15.3,200354.6
United States of America,Potatoes,2010,775.4,371.79,16.3,151723.7
China,"Rice, paddy",2010,542.5,295.58,25.0,30524.0
United States of America,Soybeans,2018,383.1,308.92,29.0,32605.6
Brazil,"Rice, paddy",2011,830.5,126.09,14.3,27520.1
Brazil,"Rice, paddy",2002,922.3,164.12,15.2,28050.7
Australia,Potatoes,2019,743.9,402.15,29.8,189152.1
Australia,Soybeans,2013,1752.8,453.85,31.2,36427.3
Australia,"Rice, paddy",2004,922.7,386.55,18.5,34101.2
United States of America,Potatoes,2019,1133.9,329.6,24.2,192082.2
Brazil,Soybeans,2002,2104.1,447.96,11.4,30426.4
United States of America,Potatoes,2019,1389.6,68.91,22.7,192054.4
Brazil,Potatoes,2007,1215.3,73.88,23.8,178408.7
China,Soybeans,2008,409.4,61.89,15.1,27452.4
China,Wheat,2000,2215.1,293.3,18.9,40228.7
Brazil,Soybeans,2005,643.4,36.64,32.0,27682.9
Australia,Soybeans,2005,2573.2,291.92,11.5,32769.8
Brazil,"Rice, paddy",2012,413.1,251.78,24.6,33358.3
Australia,Wheat,2001,351.4,366.36,33.3,36148.4
United States of America,Wheat,2020,465.5,263.03,22.4,36471.6
Australia,Maize,2013,1979.5,253.12,30.4,37176.0
China,Maize,2013,2548.2,100.81,21.3,39165.2
Australia,Potatoes,2014,565.8,458.44,24.0,222283.4
Brazil,Maize,2014,1199.1,187.1,15.4,29790.0
India,Wheat,2014,2488.2,345.01,28.1,48153.4
China,Wheat,2014,1378.2,92.76,19.9,35521.9
China,Potatoes,2008,1657.7,26.42,33.6,172759.4
Australia,Potatoes,2001,2764.0,390.37,28.9,221229.7
Australia,Potatoes,2008,698.9,214.35,14.9,199666.2
United States of America,Wheat,2011,1498.2,285.64,23.2,40225.4
India,Maize,2016,316.0,296.42,31.2,31895.4
China,Maize,2011,1436.4,363.69,12.7,35411.9
China,Soybeans,2007,1351.0,157.03,21.6,30843.6
China,Wheat,2002,1148.8,405.16,16.7,40735.3
Australia,Potatoes,2019,1050.7,199.58,14.3,171085.5
United States of America,Soybeans,2003,371.8,281.21,15.4,31870.6
Brazil,Wheat,2010,331.4,278.63,26.5,34288.4
Australia,Wheat,2015,1842.6,33.84,12.9,29146.7
Australia,Potatoes,2000,1796.7,164.71,28.0,201206.7
China,Soybeans,2010,2351.2,386.94,21.4,36021.3
Brazil,Potatoes,2017,1684.0,229.6,26.1,216640.9
Australia,Potatoes,2015,560.8,475.91,29.8,205439.5
Australia,"Rice, paddy",2014,977.2,345.01,31.3,28977.0
India,Wheat,2019,736.3,59.62,29.0,31719.6
Brazil,Wheat,2000,984.3,37.59,12.6,32146.7
India,Maize,2009,1035.9,435.84,22.1,39685.0
India,"Rice, paddy",2003,2481.5,184.36,13.1,29543.5
United States of America,Potatoes,2018,2549.8,227.41,28.0,181822.1
Australia,"Rice, paddy",2001,1426.0,332.07,22.2,36843.9
Australia,Potatoes,2003,2977.6,463.82,17.7,204153.0
Brazil,Soybeans,2015,1661.8,232.43,16.3,32373.7
Australia,Potatoes,2014,1284.5,428.9,16.7,173684.2
Brazil,"Rice, paddy",2015,1712.8,23.04,33.3,28346.5
Australia,Soybeans,2017,2318.9,220.84,28.3,37317.3
China,Maize,2020,1323.0,17.84,12.6,29932.3
United States of America,Soybeans,2019,1080.1,43.58,33.4,29134.8
China,Maize,2006,2233.6,68.14,17.3,29950.8
India,Soybeans,2000,1468.6,246.79,16.6,34349.3
Brazil,Wheat,2015,1818.8,201.36,26.1,40358.2
China,"Rice, paddy",2016,2676.7,480.47,32.3,41820.8
United States of America,Potatoes,2016,960.5,373.19,23.0,223068.0
China,"Rice, paddy",2013,1884.2,398.06,21.9,36957.3
China,"Rice, paddy",2009,2896.4,255.98,28.3,40102.3
Brazil,Wheat,2004,1404.8,272.32,23.6,36850.8
India,Potatoes,2012,1138.1,328.23,15.3,183316.1
India,Wheat,2004,1803.7,54.56,33.3,31017.7
Brazil,Soybeans,2009,2605.7,86.51,16.8,31417.0
Australia,Potatoes,2006,1483.8,15.63,29.3,205535.6
Australia,"Rice, paddy",2014,2454.4,281.78,10.1,37819.8
India,Wheat,2008,607.7,338.23,27.6,39830.8
Australia,Wheat,2012,2957.4,415.96,21.7,48747.5
China,"Rice, paddy",2005,551.9,369.52,34.0,32984.4
China,Maize,2016,505.4,250.81,27.2,37712.7
Brazil,Maize,2011,952.3,277.66,29.9,31030.5
Brazil,Maize,2005,2585.7,64.19,12.3,35743.3
Brazil,Potatoes,2000,1086.7,411.46,21.3,250404.7
China,Maize,2008,624.9,49.72,28.9,30050.6
Brazil,"Rice, paddy",2010,716.0,312.76,18.5,31567.7
United States of America,Soybeans,2002,1686.4,70.01,15.9,27423.1
China,Soybeans,2013,1025.2,267.43,30.8,34862.9
China,Soybeans,2014,2479.4,378.82,18.9,37319.7
Brazil,Wheat,2007,650.2,227.15,22.7,38555.5
India,Maize,2010,1829.7,478.68,18.0,44600.2
United States of America,"Rice, paddy",2007,1709.1,332.02,19.5,33786.3
China,Wheat,2014,2991.0,446.69,22.8,50531.0
Australia,Wheat,2015,2585.1,366.28,25.3,43817.6
China,"Rice, paddy",2012,2916.4,233.91,24.3,40783.4
India,Soybeans,2005,2463.8,471.74,12.5,38878.0
Brazil,Maize,2007,473.0,90.16,29.1,25901.5
United States of America,Potatoes,2016,1372.6,134.72,18.7,193640.9
United States of America,Potatoes,2020,1631.1,392.98,33.7,211008.2
Australia,Maize,2019,866.1,442.4,25.4,36191.0
India,Maize,2006,781.3,452.35,18.5,37208.5
India,Maize,2004,870.4,316.52,34.4,33148.3
China,Soybeans,2008,2356.7,29.62,35.0,26094.1
China,Wheat,2020,1369.8,203.61,24.0,39699.3
United States of America,Potatoes,2020,2427.9,417.83,14.1,178728.0
United States of America,Wheat,2009,1704.2,415.21,20.5,40879.7
Brazil,"Rice, paddy",2014,2484.4,123.03,25.4,32801.2
China,"Rice, paddy",2014,515.6,389.1,22.3,37773.1
Brazil,"Rice, paddy",2012,1104.5,6.43,17.5,28429.0
India,"Rice, paddy",2006,2666.8,456.29,16.6,44853.8
Australia,Soybeans,2006,321.9,5.12,21.5,21916.6
Brazil,"Rice, paddy",2002,1093.8,280.17,17.5,31606.7
India,Soybeans,2003,836.8,254.45,13.9,27732.6
India,Potatoes,2016,460.1,153.01,32.4,197422.8
Australia,Soybeans,2006,1963.4,187.94,34.6,33303.6
India,Soybeans,2020,2579.4,216.48,30.7,34476.7
India,Wheat,2010,2998.6,131.9,24.4,42654.6
China,Potatoes,2015,1532.0,193.21,27.9,191594.0
United States of America,"Rice, paddy",2020,707.5,396.44,32.2,32658.3
Brazil,Potatoes,2009,1326.5,435.7,26.6,217344.5
Australia,Potatoes,2000,1505.8,229.09,16.5,167968.3
Brazil,Soybeans,2003,1062.5,417.74,17.9,33796.5
India,Potatoes,2005,1903.5,322.93,19.9,199889.6
India,Wheat,2017,586.1,56.56,17.3,33828.8
Brazil,Wheat,2013,803.1,50.31,19.1,33052.1
China,Soybeans,2012,783.8,323.71,21.6,27678.0
Australia,Soybeans,2017,2866.4,490.22,23.6,42944.4
United States of America,Wheat,2005,1886.3,31.29,34.0,32247.5
India,Wheat,2010,956.0,321.33,16.9,35262.7
China,"Rice, paddy",2012,1948.1,469.58,26.8,39389.7
China,Potatoes,2001,2970.0,474.56,12.0,173581.5
China,Soybeans,2002,909.4,10.96,25.1,29648.5
Brazil,Soybeans,2018,868.0,145.5,29.7,32379.2
United States of America,Potatoes,2004,693.2,17.2,21.8,209376.7
Australia,Wheat,2009,1042.8,253.82,29.7,39652.9
United States of America,Potatoes,2007,1871.9,124.78,26.5,211338.6
India,Maize,2014,1385.8,51.65,11.5,29221.2
China,"Rice, paddy",2017,725.8,126.51,13.9,26954.8
Brazil,Wheat,2010,661.6,471.92,30.1,40901.8
Brazil,Potatoes,2007,2081.5,223.25,15.6,199059.3
United States of America,Soybeans,2009,953.1,199.55,10.5,30530.3
Australia,"Rice, paddy",2006,2065.0,387.08,30.3,34454.0
United States of America,Wheat,2012,964.9,451.75,12.6,38432.8
India,"Rice, paddy",2016,2207.2,145.59,14.1,31776.0
Brazil,Wheat,2012,1345.1,281.54,30.1,39692.5
India,Maize,2003,1340.8,79.54,27.4,33345.9
United States of America,Maize,2004,2828.2,9.75,20.9,34173.6
United States of America,Maize,2016,2103.4,47.19,22.7,34241.6
Brazil,Wheat,2006,1158.5,266.21,22.8,35634.5
China,"Rice, paddy",2014,1702.5,281.56,33.6,34403.6
United States of America,Soybeans,2008,988.5,131.64,11.0,25060.0
India,"Rice, paddy",2012,1412.4,289.67,19.8,35015.0
Brazil,Soybeans,2020,1447.5,70.82,22.8,35789.5
Brazil,Potatoes,2017,1179.4,360.96,11.9,177091.9
Brazil,Wheat,2016,595.4,330.08,18.0,37897.8
Australia,"Rice, paddy",2002,2730.6,261.73,12.9,33027.5
Australia,Potatoes,2019,2114.1,455.85,22.6,196056.4
China,Wheat,2013,1251.6,277.68,14.7,35506.5
United States of America,Soybeans,2017,1646.9,107.94,16.8,31551.4
China,Wheat,2010,2441.1,66.76,23.0,36625.7
Australia,"Rice, paddy",2007,852.1,93.49,13.1,28384.6
China,Maize,2002,2573.5,157.13,31.0,40588.8
Brazil,Soybeans,2008,1141.8,319.09,10.2,30319.7
China,Potatoes,2011,1697.7,416.0,26.5,218857.7
Australia,Wheat,2006,2571.8,323.9,18.5,39719.5
United States of America,Potatoes,2002,898.4,135.11,16.1,191838.8
India,Potatoes,2008,2277.2,178.03,30.5,190075.8
Australia,Potatoes,2006,787.1,383.13,18.5,185021.3
Brazil,"Rice, paddy",2007,993.3,17.92,20.3,24941.9
China,Wheat,2004,1360.5,347.97,33.4,41923.5
China,Soybeans,2007,1655.8,10.5,16.3,28739.4
Australia,"Rice, paddy",2012,1617.9,356.16,31.7,34666.2
Brazil,Potatoes,2000,2419.2,100.4,13.3,186307.9
India,Potatoes,2009,1123.0,128.62,24.8,191535.8
Brazil,"Rice, paddy",2004,2181.3,298.22,21.5,37014.2
China,"Rice, paddy",2003,2051.3,360.92,31.6,36870.4
Australia,Potatoes,2018,1584.4,268.54,29.3,189903.6
United States of America,Potatoes,2000,1929.8,458.25,11.3,187167.3
India,Maize,2014,2977.3,147.37,27.8,37701.3
China,Potatoes,2000,2501.1,42.82,25.6,196270.1
China,Soybeans,2013,1604.9,168.32,13.9,32488.9
